rodada,teste,celula,familia,N,min_sys,feature_set,n_features,protocolo,modelo,n_anos_teste,positivos_teste,prevalencia_teste,auc_roc,pr_auc,prec_05,rec_05,f1_05,cm_05_tn_fp_fn_tp,thr_medio,prec_thr,rec_thr,f1_thr,cm_thr_tn_fp_fn_tp
robustez,A_ablacao,proxy_N1_ge2,proxy,1,2,nivel_delta,48,walk_forward,persistencia,75,19,0.253,0.498,0.252,0.25,0.263,0.256,41/15/14/5,0.5,0.25,0.263,0.256,41/15/14/5
robustez,A_ablacao,proxy_N1_ge2,proxy,1,2,nivel_delta,48,walk_forward,persistencia_purgada,75,19,0.253,0.498,0.252,0.25,0.263,0.256,41/15/14/5,0.5,0.25,0.263,0.256,41/15/14/5
robustez,A_ablacao,proxy_N1_ge2,proxy,1,2,nivel_delta,48,walk_forward,prevalencia,75,19,0.253,0.524,0.295,0.0,0.0,0.0,56/0/19/0,0.5,0.0,0.0,0.0,56/0/19/0
robustez,A_ablacao,proxy_N1_ge2,proxy,1,2,nivel_delta,48,walk_forward,rf,75,19,0.253,0.652,0.442,0.5,0.053,0.095,55/1/18/1,0.487,0.429,0.158,0.231,52/4/16/3
robustez,A_ablacao,proxy_N1_ge2,proxy,1,2,nivel_delta,48,walk_forward,xgb,75,19,0.253,0.658,0.461,0.625,0.263,0.37,53/3/14/5,0.902,0.0,0.0,0.0,56/0/19/0
robustez,A_ablacao,proxy_N1_ge2,proxy,1,2,completo,63,walk_forward,persistencia,75,19,0.253,0.498,0.252,0.25,0.263,0.256,41/15/14/5,0.5,0.25,0.263,0.256,41/15/14/5
robustez,A_ablacao,proxy_N1_ge2,proxy,1,2,completo,63,walk_forward,persistencia_purgada,75,19,0.253,0.498,0.252,0.25,0.263,0.256,41/15/14/5,0.5,0.25,0.263,0.256,41/15/14/5
robustez,A_ablacao,proxy_N1_ge2,proxy,1,2,completo,63,walk_forward,prevalencia,75,19,0.253,0.524,0.295,0.0,0.0,0.0,56/0/19/0,0.5,0.0,0.0,0.0,56/0/19/0
robustez,A_ablacao,proxy_N1_ge2,proxy,1,2,completo,63,walk_forward,rf,75,19,0.253,0.678,0.586,1.0,0.211,0.348,56/0/15/4,0.515,1.0,0.105,0.19,56/0/17/2
robustez,A_ablacao,proxy_N1_ge2,proxy,1,2,completo,63,walk_forward,xgb,75,19,0.253,0.664,0.47,0.625,0.263,0.37,53/3/14/5,0.912,0.0,0.0,0.0,56/0/19/0
robustez,A_ablacao,proxy_N1_ge2,proxy,1,2,sem_dipl,46,walk_forward,persistencia,81,19,0.235,0.511,0.239,0.25,0.263,0.256,47/15/14/5,0.5,0.25,0.263,0.256,47/15/14/5
robustez,A_ablacao,proxy_N1_ge2,proxy,1,2,sem_dipl,46,walk_forward,persistencia_purgada,81,19,0.235,0.511,0.239,0.25,0.263,0.256,47/15/14/5,0.5,0.25,0.263,0.256,47/15/14/5
robustez,A_ablacao,proxy_N1_ge2,proxy,1,2,sem_dipl,46,walk_forward,prevalencia,81,19,0.235,0.57,0.295,0.0,0.0,0.0,62/0/19/0,0.5,0.0,0.0,0.0,62/0/19/0
robustez,A_ablacao,proxy_N1_ge2,proxy,1,2,sem_dipl,46,walk_forward,rf,81,19,0.235,0.699,0.514,0.667,0.211,0.32,60/2/15/4,0.5,0.571,0.211,0.308,59/3/15/4
robustez,A_ablacao,proxy_N1_ge2,proxy,1,2,sem_dipl,46,walk_forward,xgb,81,19,0.235,0.68,0.45,0.444,0.211,0.286,57/5/15/4,0.911,1.0,0.053,0.1,62/0/18/1
robustez,B_sem_disputas,proxy_N1_ge2,proxy,1,2,completo_sem_disputas,46,walk_forward,persistencia,75,19,0.253,0.498,0.252,0.25,0.263,0.256,41/15/14/5,0.5,0.25,0.263,0.256,41/15/14/5
robustez,B_sem_disputas,proxy_N1_ge2,proxy,1,2,completo_sem_disputas,46,walk_forward,persistencia_purgada,75,19,0.253,0.498,0.252,0.25,0.263,0.256,41/15/14/5,0.5,0.25,0.263,0.256,41/15/14/5
robustez,B_sem_disputas,proxy_N1_ge2,proxy,1,2,completo_sem_disputas,46,walk_forward,prevalencia,75,19,0.253,0.524,0.295,0.0,0.0,0.0,56/0/19/0,0.5,0.0,0.0,0.0,56/0/19/0
robustez,B_sem_disputas,proxy_N1_ge2,proxy,1,2,completo_sem_disputas,46,walk_forward,rf,75,19,0.253,0.622,0.463,0.5,0.211,0.296,52/4/15/4,0.494,0.545,0.316,0.4,51/5/13/6
robustez,B_sem_disputas,proxy_N1_ge2,proxy,1,2,completo_sem_disputas,46,walk_forward,xgb,75,19,0.253,0.634,0.397,0.5,0.316,0.387,50/6/13/6,0.894,0.0,0.0,0.0,54/2/19/0
robustez,B_sem_disputas,proxy_N1_ge2,proxy,1,2,sem_dipl_sem_disputas,31,walk_forward,persistencia,81,19,0.235,0.511,0.239,0.25,0.263,0.256,47/15/14/5,0.5,0.25,0.263,0.256,47/15/14/5
robustez,B_sem_disputas,proxy_N1_ge2,proxy,1,2,sem_dipl_sem_disputas,31,walk_forward,persistencia_purgada,81,19,0.235,0.511,0.239,0.25,0.263,0.256,47/15/14/5,0.5,0.25,0.263,0.256,47/15/14/5
robustez,B_sem_disputas,proxy_N1_ge2,proxy,1,2,sem_dipl_sem_disputas,31,walk_forward,prevalencia,81,19,0.235,0.57,0.295,0.0,0.0,0.0,62/0/19/0,0.5,0.0,0.0,0.0,62/0/19/0
robustez,B_sem_disputas,proxy_N1_ge2,proxy,1,2,sem_dipl_sem_disputas,31,walk_forward,rf,81,19,0.235,0.654,0.374,0.375,0.158,0.222,57/5/16/3,0.492,0.5,0.263,0.345,57/5/14/5
robustez,B_sem_disputas,proxy_N1_ge2,proxy,1,2,sem_dipl_sem_disputas,31,walk_forward,xgb,81,19,0.235,0.631,0.366,0.5,0.316,0.387,56/6/13/6,0.888,0.0,0.0,0.0,60/2/19/0
