celula,familia,N,min_sys,feature_set,protocolo,modelo,n_anos_teste,positivos_teste,prevalencia_teste,auc_roc,pr_auc,prec_05,rec_05,f1_05,cm_05_tn_fp_fn_tp,thr_medio,prec_thr,rec_thr,f1_thr,cm_thr_tn_fp_fn_tp
war_N1_ge2,war,1,2,completo,walk_forward,logreg,75,14,0.187,0.514,0.216,0.154,0.286,0.2,39/22/10/4,0.637,0.176,0.214,0.194,47/14/11/3
war_N1_ge2,war,1,2,completo,walk_forward,persistencia,75,14,0.187,0.509,0.19,0.2,0.214,0.207,49/12/11/3,0.5,0.2,0.214,0.207,49/12/11/3
war_N1_ge2,war,1,2,completo,walk_forward,persistencia_purgada,75,14,0.187,0.509,0.19,0.2,0.214,0.207,49/12/11/3,0.5,0.2,0.214,0.207,49/12/11/3
war_N1_ge2,war,1,2,completo,walk_forward,prevalencia,75,14,0.187,0.405,0.159,0.0,0.0,0.0,61/0/14/0,0.5,0.0,0.0,0.0,61/0/14/0
war_N1_ge2,war,1,2,completo,walk_forward,rf,75,14,0.187,0.437,0.18,0.0,0.0,0.0,58/3/14/0,0.502,0.0,0.0,0.0,59/2/14/0
war_N1_ge2,war,1,2,completo,walk_forward,xgb,75,14,0.187,0.489,0.215,0.222,0.143,0.174,54/7/12/2,0.922,0.0,0.0,0.0,60/1/14/0
war_N1_ge2,war,1,2,completo,era_split,logreg,60,11,0.183,0.481,0.206,0.179,0.636,0.28,17/32/4/7,0.64,0.176,0.545,0.267,21/28/5/6
war_N1_ge2,war,1,2,completo,era_split,prevalencia,60,11,0.183,0.5,0.183,0.0,0.0,0.0,49/0/11/0,0.5,0.0,0.0,0.0,49/0/11/0
war_N1_ge2,war,1,2,completo,era_split,rf,60,11,0.183,0.416,0.19,0.143,0.091,0.111,43/6/10/1,0.461,0.267,0.364,0.308,38/11/7/4
war_N1_ge2,war,1,2,completo,era_split,xgb,60,11,0.183,0.434,0.237,0.235,0.364,0.286,36/13/7/4,0.908,0.0,0.0,0.0,49/0/11/0
war_N1_ge2,war,1,2,sem_dipl,walk_forward,logreg,76,14,0.184,0.507,0.196,0.192,0.357,0.25,41/21/9/5,0.577,0.208,0.357,0.263,43/19/9/5
war_N1_ge2,war,1,2,sem_dipl,walk_forward,persistencia,76,14,0.184,0.51,0.188,0.2,0.214,0.207,50/12/11/3,0.5,0.2,0.214,0.207,50/12/11/3
war_N1_ge2,war,1,2,sem_dipl,walk_forward,persistencia_purgada,76,14,0.184,0.51,0.188,0.2,0.214,0.207,50/12/11/3,0.5,0.2,0.214,0.207,50/12/11/3
war_N1_ge2,war,1,2,sem_dipl,walk_forward,prevalencia,76,14,0.184,0.408,0.158,0.0,0.0,0.0,62/0/14/0,0.5,0.0,0.0,0.0,62/0/14/0
war_N1_ge2,war,1,2,sem_dipl,walk_forward,rf,76,14,0.184,0.416,0.162,0.0,0.0,0.0,58/4/14/0,0.511,0.0,0.0,0.0,58/4/14/0
war_N1_ge2,war,1,2,sem_dipl,walk_forward,xgb,76,14,0.184,0.445,0.181,0.143,0.071,0.095,56/6/13/1,0.922,0.0,0.0,0.0,61/1/14/0
war_N1_ge2,war,1,2,sem_dipl,era_split,logreg,61,11,0.18,0.527,0.221,0.173,0.818,0.286,7/43/2/9,0.691,0.205,0.818,0.327,15/35/2/9
war_N1_ge2,war,1,2,sem_dipl,era_split,prevalencia,61,11,0.18,0.5,0.18,0.0,0.0,0.0,50/0/11/0,0.5,0.0,0.0,0.0,50/0/11/0
war_N1_ge2,war,1,2,sem_dipl,era_split,rf,61,11,0.18,0.371,0.152,0.15,0.273,0.194,33/17/8/3,0.508,0.118,0.182,0.143,35/15/9/2
war_N1_ge2,war,1,2,sem_dipl,era_split,xgb,61,11,0.18,0.367,0.161,0.148,0.364,0.211,27/23/7/4,0.916,0.0,0.0,0.0,50/0/11/0
war_N3_ge2,war,3,2,completo,walk_forward,logreg,72,34,0.472,0.454,0.471,0.462,0.353,0.4,24/14/22/12,0.522,0.44,0.324,0.373,24/14/23/11
war_N3_ge2,war,3,2,completo,walk_forward,persistencia,72,34,0.472,0.833,0.762,0.824,0.824,0.824,32/6/6/28,0.5,0.824,0.824,0.824,32/6/6/28
war_N3_ge2,war,3,2,completo,walk_forward,persistencia_purgada,72,34,0.472,0.443,0.447,0.412,0.412,0.412,18/20/20/14,0.5,0.412,0.412,0.412,18/20/20/14
war_N3_ge2,war,3,2,completo,walk_forward,prevalencia,72,34,0.472,0.384,0.429,0.472,1.0,0.642,0/38/0/34,0.5,0.472,1.0,0.642,0/38/0/34
war_N3_ge2,war,3,2,completo,walk_forward,rf,72,34,0.472,0.397,0.454,0.522,0.353,0.421,27/11/22/12,0.517,0.55,0.324,0.407,29/9/23/11
war_N3_ge2,war,3,2,completo,walk_forward,xgb,72,34,0.472,0.452,0.45,0.462,0.353,0.4,24/14/22/12,0.823,0.5,0.176,0.261,32/6/28/6
war_N3_ge2,war,3,2,completo,era_split,logreg,59,27,0.458,0.494,0.505,0.529,0.333,0.409,24/8/18/9,0.62,0.5,0.296,0.372,24/8/19/8
war_N3_ge2,war,3,2,completo,era_split,prevalencia,59,27,0.458,0.5,0.458,0.458,1.0,0.628,0/32/0/27,0.5,0.458,1.0,0.628,0/32/0/27
war_N3_ge2,war,3,2,completo,era_split,rf,59,27,0.458,0.491,0.597,0.481,0.481,0.481,18/14/14/13,0.512,0.52,0.481,0.5,20/12/14/13
war_N3_ge2,war,3,2,completo,era_split,xgb,59,27,0.458,0.587,0.617,0.56,0.519,0.538,21/11/13/14,0.778,0.7,0.259,0.378,29/3/20/7
war_N3_ge2,war,3,2,sem_dipl,walk_forward,logreg,72,34,0.472,0.428,0.447,0.485,0.471,0.478,21/17/18/16,0.477,0.429,0.441,0.435,18/20/19/15
war_N3_ge2,war,3,2,sem_dipl,walk_forward,persistencia,72,34,0.472,0.833,0.762,0.824,0.824,0.824,32/6/6/28,0.5,0.824,0.824,0.824,32/6/6/28
war_N3_ge2,war,3,2,sem_dipl,walk_forward,persistencia_purgada,72,34,0.472,0.443,0.447,0.412,0.412,0.412,18/20/20/14,0.5,0.412,0.412,0.412,18/20/20/14
war_N3_ge2,war,3,2,sem_dipl,walk_forward,prevalencia,72,34,0.472,0.384,0.429,0.472,1.0,0.642,0/38/0/34,0.5,0.472,1.0,0.642,0/38/0/34
war_N3_ge2,war,3,2,sem_dipl,walk_forward,rf,72,34,0.472,0.399,0.432,0.382,0.382,0.382,17/21/21/13,0.525,0.31,0.265,0.286,18/20/25/9
war_N3_ge2,war,3,2,sem_dipl,walk_forward,xgb,72,34,0.472,0.491,0.465,0.471,0.471,0.471,20/18/18/16,0.822,0.538,0.206,0.298,32/6/27/7
war_N3_ge2,war,3,2,sem_dipl,era_split,logreg,59,27,0.458,0.583,0.593,0.531,0.63,0.576,17/15/10/17,0.581,0.652,0.556,0.6,24/8/12/15
war_N3_ge2,war,3,2,sem_dipl,era_split,prevalencia,59,27,0.458,0.5,0.458,0.458,1.0,0.628,0/32/0/27,0.5,0.458,1.0,0.628,0/32/0/27
war_N3_ge2,war,3,2,sem_dipl,era_split,rf,59,27,0.458,0.561,0.563,0.438,0.778,0.56,5/27/6/21,0.514,0.457,0.778,0.575,7/25/6/21
war_N3_ge2,war,3,2,sem_dipl,era_split,xgb,59,27,0.458,0.61,0.603,0.489,0.815,0.611,9/23/5/22,0.789,0.636,0.519,0.571,24/8/13/14
proxy_N1_ge2,proxy,1,2,completo,walk_forward,logreg,75,19,0.253,0.489,0.371,0.269,0.368,0.311,37/19/12/7,0.546,0.238,0.263,0.25,40/16/14/5
proxy_N1_ge2,proxy,1,2,completo,walk_forward,persistencia,75,19,0.253,0.498,0.252,0.25,0.263,0.256,41/15/14/5,0.5,0.25,0.263,0.256,41/15/14/5
proxy_N1_ge2,proxy,1,2,completo,walk_forward,persistencia_purgada,75,19,0.253,0.498,0.252,0.25,0.263,0.256,41/15/14/5,0.5,0.25,0.263,0.256,41/15/14/5
proxy_N1_ge2,proxy,1,2,completo,walk_forward,prevalencia,75,19,0.253,0.524,0.295,0.0,0.0,0.0,56/0/19/0,0.5,0.0,0.0,0.0,56/0/19/0
proxy_N1_ge2,proxy,1,2,completo,walk_forward,rf,75,19,0.253,0.678,0.586,1.0,0.211,0.348,56/0/15/4,0.515,1.0,0.105,0.19,56/0/17/2
proxy_N1_ge2,proxy,1,2,completo,walk_forward,xgb,75,19,0.253,0.664,0.47,0.625,0.263,0.37,53/3/14/5,0.912,0.0,0.0,0.0,56/0/19/0
proxy_N1_ge2,proxy,1,2,completo,era_split,logreg,60,11,0.183,0.397,0.166,0.143,0.364,0.205,25/24/7/4,0.559,0.154,0.364,0.216,27/22/7/4
proxy_N1_ge2,proxy,1,2,completo,era_split,prevalencia,60,11,0.183,0.5,0.183,0.0,0.0,0.0,49/0/11/0,0.5,0.0,0.0,0.0,49/0/11/0
proxy_N1_ge2,proxy,1,2,completo,era_split,rf,60,11,0.183,0.538,0.26,0.235,0.364,0.286,36/13/7/4,0.504,0.235,0.364,0.286,36/13/7/4
proxy_N1_ge2,proxy,1,2,completo,era_split,xgb,60,11,0.183,0.605,0.288,0.333,0.273,0.3,43/6/8/3,0.891,0.0,0.0,0.0,49/0/11/0
proxy_N1_ge2,proxy,1,2,sem_dipl,walk_forward,logreg,81,19,0.235,0.504,0.32,0.308,0.421,0.356,44/18/11/8,0.584,0.261,0.316,0.286,45/17/13/6
proxy_N1_ge2,proxy,1,2,sem_dipl,walk_forward,persistencia,81,19,0.235,0.511,0.239,0.25,0.263,0.256,47/15/14/5,0.5,0.25,0.263,0.256,47/15/14/5
proxy_N1_ge2,proxy,1,2,sem_dipl,walk_forward,persistencia_purgada,81,19,0.235,0.511,0.239,0.25,0.263,0.256,47/15/14/5,0.5,0.25,0.263,0.256,47/15/14/5
proxy_N1_ge2,proxy,1,2,sem_dipl,walk_forward,prevalencia,81,19,0.235,0.57,0.295,0.0,0.0,0.0,62/0/19/0,0.5,0.0,0.0,0.0,62/0/19/0
proxy_N1_ge2,proxy,1,2,sem_dipl,walk_forward,rf,81,19,0.235,0.699,0.514,0.667,0.211,0.32,60/2/15/4,0.5,0.571,0.211,0.308,59/3/15/4
proxy_N1_ge2,proxy,1,2,sem_dipl,walk_forward,xgb,81,19,0.235,0.68,0.45,0.444,0.211,0.286,57/5/15/4,0.911,1.0,0.053,0.1,62/0/18/1
proxy_N1_ge2,proxy,1,2,sem_dipl,era_split,logreg,66,11,0.167,0.458,0.162,0.184,0.818,0.3,15/40/2/9,0.598,0.205,0.818,0.327,20/35/2/9
proxy_N1_ge2,proxy,1,2,sem_dipl,era_split,prevalencia,66,11,0.167,0.5,0.167,0.0,0.0,0.0,55/0/11/0,0.5,0.0,0.0,0.0,55/0/11/0
proxy_N1_ge2,proxy,1,2,sem_dipl,era_split,rf,66,11,0.167,0.542,0.225,0.238,0.455,0.312,39/16/6/5,0.506,0.211,0.364,0.267,40/15/7/4
proxy_N1_ge2,proxy,1,2,sem_dipl,era_split,xgb,66,11,0.167,0.569,0.298,0.267,0.364,0.308,44/11/7/4,0.886,0.0,0.0,0.0,55/0/11/0
proxy_N3_ge2,proxy,3,2,completo,walk_forward,logreg,73,43,0.589,0.412,0.573,0.531,0.605,0.565,7/23/17/26,0.548,0.511,0.558,0.533,7/23/19/24
proxy_N3_ge2,proxy,3,2,completo,walk_forward,persistencia,73,43,0.589,0.757,0.757,0.795,0.814,0.805,21/9/8/35,0.5,0.795,0.814,0.805,21/9/8/35
proxy_N3_ge2,proxy,3,2,completo,walk_forward,persistencia_purgada,73,43,0.589,0.594,0.64,0.66,0.721,0.689,14/16/12/31,0.5,0.66,0.721,0.689,14/16/12/31
proxy_N3_ge2,proxy,3,2,completo,walk_forward,prevalencia,73,43,0.589,0.479,0.623,0.589,1.0,0.741,0/30/0/43,0.5,0.589,1.0,0.741,0/30/0/43
proxy_N3_ge2,proxy,3,2,completo,walk_forward,rf,73,43,0.589,0.45,0.587,0.569,0.767,0.653,5/25/10/33,0.528,0.577,0.698,0.632,8/22/13/30
proxy_N3_ge2,proxy,3,2,completo,walk_forward,xgb,73,43,0.589,0.507,0.612,0.593,0.744,0.66,8/22/11/32,0.646,0.628,0.628,0.628,14/16/16/27
proxy_N3_ge2,proxy,3,2,completo,era_split,logreg,60,31,0.517,0.419,0.488,0.5,0.742,0.597,6/23/8/23,0.701,0.486,0.581,0.529,10/19/13/18
proxy_N3_ge2,proxy,3,2,completo,era_split,prevalencia,60,31,0.517,0.5,0.517,0.517,1.0,0.681,0/29/0/31,0.5,0.517,1.0,0.681,0/29/0/31
proxy_N3_ge2,proxy,3,2,completo,era_split,rf,60,31,0.517,0.44,0.567,0.5,0.935,0.652,0/29/2/29,0.588,0.491,0.903,0.636,0/29/3/28
proxy_N3_ge2,proxy,3,2,completo,era_split,xgb,60,31,0.517,0.418,0.464,0.518,0.935,0.667,2/27/2/29,0.412,0.517,0.968,0.674,1/28/1/30
proxy_N3_ge2,proxy,3,2,sem_dipl,walk_forward,logreg,77,43,0.558,0.484,0.6,0.529,0.628,0.574,10/24/16/27,0.491,0.519,0.628,0.568,9/25/16/27
proxy_N3_ge2,proxy,3,2,sem_dipl,walk_forward,persistencia,77,43,0.558,0.775,0.751,0.795,0.814,0.805,25/9/8/35,0.5,0.795,0.814,0.805,25/9/8/35
proxy_N3_ge2,proxy,3,2,sem_dipl,walk_forward,persistencia_purgada,77,43,0.558,0.625,0.631,0.66,0.721,0.689,18/16/12/31,0.5,0.66,0.721,0.689,18/16/12/31
proxy_N3_ge2,proxy,3,2,sem_dipl,walk_forward,prevalencia,77,43,0.558,0.524,0.618,0.558,1.0,0.717,0/34/0/43,0.5,0.558,1.0,0.717,0/34/0/43
proxy_N3_ge2,proxy,3,2,sem_dipl,walk_forward,rf,77,43,0.558,0.514,0.613,0.604,0.744,0.667,13/21/11/32,0.538,0.58,0.674,0.624,13/21/14/29
proxy_N3_ge2,proxy,3,2,sem_dipl,walk_forward,xgb,77,43,0.558,0.55,0.606,0.569,0.767,0.653,9/25/10/33,0.662,0.643,0.628,0.635,19/15/16/27
proxy_N3_ge2,proxy,3,2,sem_dipl,era_split,logreg,64,31,0.484,0.429,0.462,0.468,0.71,0.564,8/25/9/22,0.501,0.468,0.71,0.564,8/25/9/22
proxy_N3_ge2,proxy,3,2,sem_dipl,era_split,prevalencia,64,31,0.484,0.5,0.484,0.484,1.0,0.653,0/33/0/31,0.5,0.484,1.0,0.653,0/33/0/31
proxy_N3_ge2,proxy,3,2,sem_dipl,era_split,rf,64,31,0.484,0.426,0.482,0.468,0.935,0.624,0/33/2/29,0.53,0.468,0.935,0.624,0/33/2/29
proxy_N3_ge2,proxy,3,2,sem_dipl,era_split,xgb,64,31,0.484,0.406,0.43,0.484,0.968,0.645,1/32/1/30,0.494,0.484,0.968,0.645,1/32/1/30
war_N1_ge1_sens,war,1,1,completo,walk_forward,logreg,75,23,0.307,0.552,0.347,0.375,0.522,0.436,32/20/11/12,0.614,0.346,0.391,0.367,35/17/14/9
war_N1_ge1_sens,war,1,1,completo,walk_forward,persistencia,75,23,0.307,0.457,0.292,0.25,0.261,0.255,34/18/17/6,0.5,0.25,0.261,0.255,34/18/17/6
war_N1_ge1_sens,war,1,1,completo,walk_forward,persistencia_purgada,75,23,0.307,0.52,0.316,0.333,0.348,0.34,36/16/15/8,0.5,0.333,0.348,0.34,36/16/15/8
war_N1_ge1_sens,war,1,1,completo,walk_forward,prevalencia,75,23,0.307,0.454,0.274,0.0,0.0,0.0,52/0/23/0,0.5,0.0,0.0,0.0,52/0/23/0
war_N1_ge1_sens,war,1,1,completo,walk_forward,rf,75,23,0.307,0.409,0.266,0.2,0.087,0.121,44/8/21/2,0.507,0.125,0.087,0.103,38/14/21/2
war_N1_ge1_sens,war,1,1,completo,walk_forward,xgb,75,23,0.307,0.432,0.286,0.294,0.217,0.25,40/12/18/5,0.898,0.2,0.043,0.071,48/4/22/1
war_N1_ge1_sens,war,1,1,completo,era_split,logreg,60,18,0.3,0.434,0.267,0.265,0.5,0.346,17/25/9/9,0.707,0.3,0.333,0.316,28/14/12/6
war_N1_ge1_sens,war,1,1,completo,era_split,prevalencia,60,18,0.3,0.5,0.3,0.0,0.0,0.0,42/0/18/0,0.5,0.0,0.0,0.0,42/0/18/0
war_N1_ge1_sens,war,1,1,completo,era_split,rf,60,18,0.3,0.352,0.257,0.111,0.111,0.111,26/16/16/2,0.535,0.1,0.056,0.071,33/9/17/1
war_N1_ge1_sens,war,1,1,completo,era_split,xgb,60,18,0.3,0.419,0.281,0.25,0.167,0.2,33/9/15/3,0.885,0.0,0.0,0.0,42/0/18/0
war_N1_ge1_sens,war,1,1,sem_dipl,walk_forward,logreg,76,23,0.303,0.537,0.337,0.265,0.391,0.316,28/25/14/9,0.565,0.276,0.348,0.308,32/21/15/8
war_N1_ge1_sens,war,1,1,sem_dipl,walk_forward,persistencia,76,23,0.303,0.461,0.289,0.25,0.261,0.255,35/18/17/6,0.5,0.25,0.261,0.255,35/18/17/6
war_N1_ge1_sens,war,1,1,sem_dipl,walk_forward,persistencia_purgada,76,23,0.303,0.523,0.313,0.333,0.348,0.34,37/16/15/8,0.5,0.333,0.348,0.34,37/16/15/8
war_N1_ge1_sens,war,1,1,sem_dipl,walk_forward,prevalencia,76,23,0.303,0.463,0.274,0.0,0.0,0.0,53/0/23/0,0.5,0.0,0.0,0.0,53/0/23/0
war_N1_ge1_sens,war,1,1,sem_dipl,walk_forward,rf,76,23,0.303,0.387,0.25,0.211,0.174,0.19,38/15/19/4,0.498,0.188,0.13,0.154,40/13/20/3
war_N1_ge1_sens,war,1,1,sem_dipl,walk_forward,xgb,76,23,0.303,0.43,0.28,0.278,0.217,0.244,40/13/18/5,0.898,0.2,0.043,0.071,49/4/22/1
war_N1_ge1_sens,war,1,1,sem_dipl,era_split,logreg,61,18,0.295,0.461,0.273,0.302,0.889,0.451,6/37/2/16,0.67,0.348,0.889,0.5,13/30/2/16
war_N1_ge1_sens,war,1,1,sem_dipl,era_split,prevalencia,61,18,0.295,0.5,0.295,0.0,0.0,0.0,43/0/18/0,0.5,0.0,0.0,0.0,43/0/18/0
war_N1_ge1_sens,war,1,1,sem_dipl,era_split,rf,61,18,0.295,0.384,0.256,0.2,0.278,0.233,23/20/13/5,0.51,0.217,0.278,0.244,25/18/13/5
war_N1_ge1_sens,war,1,1,sem_dipl,era_split,xgb,61,18,0.295,0.453,0.295,0.238,0.278,0.256,27/16/13/5,0.879,0.0,0.0,0.0,43/0/18/0
war_N1_ge2,war,1,2,nivel_delta,walk_forward,logreg,75,14,0.187,0.552,0.263,0.273,0.429,0.333,45/16/8/6,0.6,0.267,0.286,0.276,50/11/10/4
