rodada,celula,feature_set,modelo,n_anos_teste,ano_min,ano_max,positivos_teste,auc_pontual,pr_auc_pontual,n_reamostras_validas,n_descartadas_classe_unica,tamanho_bloco,n_boot,auc_ic95_lo,auc_ic95_hi,auc_boot_media,pr_auc_ic95_lo,pr_auc_ic95_hi,pr_auc_boot_media
robustez,proxy_N1_ge2,completo,rf,75,1931,2005,19,0.678,0.586,2000,0,10,2000,0.44,0.821,0.638,0.19,0.817,0.519
robustez,proxy_N1_ge2,sem_dipl,rf,81,1931,2011,19,0.699,0.514,2000,0,10,2000,0.482,0.813,0.655,0.204,0.754,0.484
robustez,proxy_N1_ge2,completo,prevalencia,75,1931,2005,19,0.524,0.295,2000,0,10,2000,0.33,0.611,0.491,0.16,0.441,0.296
robustez,proxy_N1_ge2,sem_dipl,prevalencia,81,1931,2011,19,0.57,0.295,2000,0,10,2000,0.365,0.666,0.524,0.163,0.444,0.294
robustez,war_N1_ge2,nivel_delta,logreg,75,1931,2005,14,0.552,0.263,2000,0,10,2000,0.394,0.701,0.549,0.139,0.418,0.271
robustez,war_N1_ge2,completo,prevalencia,75,1931,2005,14,0.405,0.159,2000,0,10,2000,0.243,0.557,0.402,0.105,0.225,0.167
robustez,proxy_N1_ge2,completo_sem_disputas,rf,75,1931,2005,19,0.622,0.463,2000,0,10,2000,0.413,0.762,0.593,0.167,0.701,0.426
robustez,proxy_N1_ge2,completo_sem_disputas,xgb,75,1931,2005,19,0.634,0.397,2000,0,10,2000,0.465,0.782,0.632,0.191,0.696,0.407
robustez,proxy_N1_ge2,completo_sem_disputas,prevalencia,75,1931,2005,19,0.524,0.295,2000,0,10,2000,0.33,0.611,0.491,0.16,0.441,0.296
robustez,proxy_N1_ge2,sem_dipl_sem_disputas,rf,81,1931,2011,19,0.654,0.374,2000,0,10,2000,0.428,0.763,0.594,0.164,0.618,0.357
robustez,proxy_N1_ge2,sem_dipl_sem_disputas,xgb,81,1931,2011,19,0.631,0.366,2000,0,10,2000,0.429,0.761,0.596,0.15,0.652,0.358
robustez,proxy_N1_ge2,sem_dipl_sem_disputas,prevalencia,81,1931,2011,19,0.57,0.295,2000,0,10,2000,0.365,0.666,0.524,0.163,0.444,0.294
