feature,mean_abs_shap
churn_entradas,0.5571498
d_com_betw_max,0.40221673
jaccard_com_dipl,0.38312706
ali_modularidade,0.32678208
cinc_lider_share,0.26338473
ali_centralizacao_grau,0.25426745
d_com_betw_media,0.24644981
d_ali_betw_max,0.22510576
com_clustering,0.21359415
d_com_clustering,0.19259445
d_disp_densidade,0.19147281
com_modularidade,0.19050345
dipl_densidade,0.16369495
disp_densidade,0.16183853
d_ali_centralizacao_grau,0.15740503
d_disp_betw_media,0.15320617
disp_betw_media,0.15026382
d_disp_centralizacao_grau,0.14966354
d_disp_betw_max,0.14677292
d_disp_modularidade,0.14335556
d_ali_densidade,0.14091453
d_disp_clustering,0.1408337
cinc_hhi,0.13055907
d_com_modularidade,0.11846592
com_centralizacao_grau,0.11813894
d_ali_modularidade,0.11395368
com_betw_media,0.11232092
overlap_medio_3c,0.10870836
disp_centralizacao_grau,0.10812425
overlap_medio_4c,0.10418348
ali_clustering,0.103315935
com_betw_max,0.091801874
ali_betw_media,0.08844636
disp_betw_max,0.08011115
d_ali_clustering,0.0792483
jaccard_com_disp,0.076804
jaccard_ali_com,0.07652491
d_com_centralizacao_grau,0.07071705
ali_betw_max,0.06484762
disp_modularidade,0.064446904
jaccard_disp_dipl,0.0641403
n_estados,0.063505
d_com_densidade,0.055947646
jaccard_ali_dipl,0.055738367
jaccard_ali_disp,0.046488803
ali_densidade,0.039038327
com_densidade,0.039021358
disp_clustering,0.03563032
dipl_clustering,0.035471603
d_ali_betw_media,0.03425836
dipl_betw_media,0.022829656
churn_total,0.0120518
dipl_centralizacao_grau,0.008208382
dipl_modularidade,0.0057160226
dipl_betw_max,0.004695762
churn_saidas,0.0043971213
d_dipl_centralizacao_grau,0.004141544
d_dipl_densidade,0.0031617745
dipl_imputado,0.0018763995
d_dipl_clustering,0.0018242123
d_dipl_modularidade,0.00051627436
d_dipl_betw_media,0.000107844346
d_dipl_betw_max,7.3741874e-05
