familia,ano_feature_t,onset_year,conflito_id,nome,participantes,participantes_sistema
proxy,1892,1893,196,,200;220;800,200;220
proxy,1893,1894,1490,,710;730;740,710;740
proxy,1895,1896,1569,,350;640,640
proxy,1897,1898,1557,,2;230,2;230
proxy,1899,1900,31,,2;200;220;255;300;325;365;710;740,2;200;220;255;300;325;365;710;740
proxy,1899,1900,3250,,365;710,365;710
proxy,1902,1903,180,,365;730;740,365;740
proxy,1908,1909,1086,,230;600,230
proxy,1910,1911,114,,325;640,325;640
proxy,1911,1912,1250,,345;350;355;640,640
proxy,1912,1913,1251,,345;350;355;360;640,355;640
proxy,1913,1914,257,,2;200;211;220;235;255;300;325;345;350;355;360;365;640;740,2;200;211;220;255;300;325;365;640;740
proxy,1913,1914,320,,255;300;325;640,255;300;325;640
proxy,1913,1914,397,,200;345;355;365,200;365
proxy,1914,1915,324,,255;350;355;640,255
proxy,1915,1916,395,,235;255,255
proxy,1915,1916,396,,255;360,255
proxy,1915,1916,399,,2;255,2;255
proxy,1918,1919,1219,,290;365,290;365
proxy,1918,1919,1265,,200;220;310;315;325;345;360,200;220;315;325
proxy,1918,1919,1272,,290;367;368,290
proxy,1918,1919,3134,,220;640,220
proxy,1928,1929,41,,365;710,365;710
proxy,1930,1931,129,,710;740,710;740
proxy,1932,1933,1129,,200;220;325;670;678,200;220;325
proxy,1933,1934,111,,200;325;530,200;325
proxy,1936,1937,157,,710;740,710;740
proxy,1937,1938,184,,365;740,365;740
proxy,1938,1939,179,,365;375,365
proxy,1938,1939,183,,365;712;740,365;740
proxy,1938,1939,258,,2;20;140;200;210;211;220;230;255;290;310;325;345;350;355;360;365;375;385;530;560;710;712;740;900;920,2;200;220;230;255;290;325;365;710;740
proxy,1938,1939,3701,,210;255,255
proxy,1938,1939,3705,,255;385,255
proxy,1938,1939,3724,,200;325,200;325
proxy,1939,1940,235,,200;220,200;220
proxy,1939,1940,339,,2;740,2;740
proxy,1939,1940,418,,325;350,325
proxy,1939,1940,613,,220;800,220
proxy,1939,1940,3813,,255;310;345;355,255
proxy,1939,1940,3820,,220;325,220;325
proxy,1939,1940,3822,,255;365,255;365
proxy,1940,1941,414,,2;255,2;255
proxy,1940,1941,518,,2;200;355;365,2;200;365
proxy,1942,1943,3717,,255;325,255;325
proxy,1943,1944,3826,,255;310;360,255
proxy,1943,1944,3827,,255;355,255
proxy,1944,1945,2725,,712;740,740
proxy,1946,1947,1238,,750;770,750;770
proxy,1949,1950,51,,2;20;100;200;210;211;220;350;530;640;710;731;732;800;840;900;920,2;20;200;220;640;710
proxy,1954,1955,200,,2;200;220;365;651;666,2;200;220;365
proxy,1955,1956,606,,310;365,365
proxy,1960,1961,199,,710;750,710;750
proxy,1963,1964,611,,2;365;710;732;800;811;816;817;840;900;920,2;365;710
proxy,1963,1964,1312,,750;770,750;770
proxy,1966,1967,1480,,365;651;666,365
proxy,1970,1971,1447,,750;770,750
proxy,1977,1978,3007,,365;710;816,365;710
proxy,1981,1982,3630,,160;200,200
proxy,1985,1986,3628,,710;816,710;816
proxy,1989,1990,3957,,2;20;160;200;210;211;220;230;255;325;350;433;436;451;600;640;645;651;652;663;670;690;692;694;696;698;770;771;900,2;20;200;220;230;255;325;640;645;770
proxy,1992,1993,4007,,750;770,750;770
proxy,1996,1997,4273,,2;200;210;220;255;290;325;350;640;645;651;663;666;670;690;692;694;696;698;900,2;200;220;255;325;640
proxy,2000,2001,4283,,2;20;200;210;220;230;235;255;350;365;640;700;702;704;770;900,2;20;200;220;255;365;640;770
war,1893,1894,73,First Sino-Japanese,710;740,710;740
war,1896,1897,76,Greco-Turkish,350;640,640
war,1897,1898,79,Spanish-American,2;230,2;230
war,1899,1900,82,Boxer Rebellion,2;200;220;365;710;740,2;200;220;365;710;740
war,1899,1900,83,Sino-Russian,365;710,365;710
war,1903,1904,85,Russo-Japanese,365;740,365;740
war,1908,1909,94,Second Spanish-Moroccan,230;600,230
war,1910,1911,97,Italian-Turkish,325;640,325;640
war,1911,1912,100,First Balkan,345;350;355;640,640
war,1912,1913,103,Second Balkan,345;350;355;360;640,355;640
war,1913,1914,106,World War I,2;200;211;220;235;255;300;325;345;350;355;360;365;640;740,2;200;211;220;255;300;325;365;640;740
war,1917,1918,107,Estonian Liberation,365;366;375,365
war,1917,1918,108,Latvian Liberation,255;365;366;367,255;365
war,1918,1919,109,Russo-Polish,290;365,290;365
war,1918,1919,112,Hungarian Adversaries,310;315;360,315
war,1918,1919,116,Franco-Turkish,220;640,220
war,1919,1920,117,Lithuanian-Polish,290;368,290
war,1928,1929,118,Manchurian,365;710,365;710
war,1930,1931,121,Second Sino-Japanese,710;740,710;740
war,1934,1935,127,Conquest of Ethiopia,325;530,325
war,1936,1937,130,Third Sino-Japanese,710;740,710;740
war,1937,1938,133,Changkufeng,365;740,365;740
war,1938,1939,136,Nomonhan,365;712;740,365;740
war,1938,1939,139,World War II,2;20;140;200;210;211;220;255;290;310;325;345;350;355;360;365;375;385;530;560;710;712;740;900;920,2;200;220;255;290;325;365;710;740
war,1938,1939,142,Russo-Finnish,365;375,365
war,1939,1940,145,Franco-Thai,220;800,220
war,1946,1947,147,First Kashmir,750;770,750;770
war,1949,1950,151,Korean,2;20;100;200;210;211;220;350;530;640;710;731;732;800;840;900,2;20;200;220;640;710
war,1953,1954,153,Off-shore Islands,710;713,710
war,1955,1956,155,Sinai War,200;220;651;666,200;220
war,1955,1956,156,Soviet Invasion of Hungary,310;365,365
war,1956,1957,158,IfniWar,220;230;600,220;230
war,1957,1958,159,Taiwan Straits,710;713,710
war,1961,1962,160,Assam,710;750,710;750
war,1964,1965,163,"Vietnam War, Phase 2",2;732;800;811;816;817;840;900,2
war,1964,1965,166,Second Kashmir,750;770,750;770
war,1967,1968,170,"Second Laotian, Phase 2",2;800;812;816,2
war,1969,1970,176,Communist Coalition,2;811;816;817,2
war,1970,1971,178,Bangladesh,750;770,750
war,1978,1979,193,Sino-Vietnamese Punitive,710;816,710
war,1981,1982,202,Falkland Islands,160;200,200
war,1986,1987,208,Sino-Vietnamese Border War,710;816,710;816
war,1989,1990,211,Gulf War,2;20;200;220;325;600;645;651;652;670;690;694;696;698,2;20;200;220;325;645
war,1998,1999,221,War for Kosovo,2;200;210;220;255;325;345;640,2;200;220;255;325;640
war,1998,1999,223,Kargil War,750;770,750;770
war,2000,2001,225,Invasion of Afghanistan,2;20;200;220;700;900,2;20;200;220
war,2002,2003,227,Invasion of Iraq,2;200;645;900,2;200
