year,n_states,entrants,exits,churn,entrants_abb,exits_abb
1890,12,0,0,0,,
1891,13,1,0,1,SWD,
1892,12,0,1,1,,SWD
1893,13,1,0,1,SWD,
1894,12,0,1,1,,SWD
1895,12,0,0,0,,
1896,12,0,0,0,,
1897,12,0,0,0,,
1898,12,0,0,0,,
1899,12,0,0,0,,
1900,12,0,0,0,,
1901,12,0,0,0,,
1902,12,0,0,0,,
1903,12,0,0,0,,
1904,13,1,0,1,BRA,
1905,12,0,1,1,,BRA
1906,13,1,0,1,BRA,
1907,13,0,0,0,,
1908,13,0,0,0,,
1909,13,0,0,0,,
1910,13,0,0,0,,
1911,13,0,0,0,,
1912,13,0,0,0,,
1913,14,1,0,1,BUL,
1914,12,0,2,2,,"BRA,BUL"
1915,9,0,3,3,,"BEL,SPN,TUR"
1916,9,0,0,0,,
1917,10,1,0,1,SPN,
1918,10,1,1,2,POL,SPN
1919,11,2,1,3,"SPN,CZE",AUH
1920,13,2,0,2,"CAN,BEL",
1921,13,0,0,0,,
1922,13,1,1,2,BRA,CAN
1923,13,0,0,0,,
1924,13,0,0,0,,
1925,13,0,0,0,,
1926,13,0,0,0,,
1927,13,0,0,0,,
1928,14,1,0,1,ROM,
1929,14,0,0,0,,
1930,14,0,0,0,,
1931,14,0,0,0,,
1932,13,0,1,1,,ROM
1933,13,0,0,0,,
1934,13,0,0,0,,
1935,13,0,0,0,,
1936,14,1,0,1,ETH,
1937,13,0,1,1,,ETH
1938,13,0,0,0,,
1939,11,0,2,2,,"BRA,BEL"
1940,11,2,2,4,"CAN,ROM","POL,CZE"
1941,12,2,1,3,"BRA,AUL",ROM
1942,11,0,1,1,,BRA
1943,11,1,1,2,BRA,FRN
1944,12,1,0,1,FRN,
1945,12,0,0,0,,
1946,13,3,2,5,"POL,CZE,TUR","GMY,JPN"
1947,15,3,1,4,"BEL,IND,PAK",AUL
1948,15,0,0,0,,
1949,16,2,1,3,"TAW,INS",BEL
1950,15,0,1,1,,TAW
1951,14,0,1,1,,TUR
1952,15,1,0,1,JPN,
1953,15,0,0,0,,
1954,16,1,0,1,GDR,
1955,15,1,2,3,GFR,"CZE,PAK"
1956,16,1,0,1,CZE,
1957,15,0,1,1,,GDR
1958,16,1,0,1,PAK,
1959,16,0,0,0,,
1960,15,0,1,1,,SPN
1961,15,0,0,0,,
1962,15,0,0,0,,
1963,15,0,0,0,,
1964,15,0,0,0,,
1965,15,0,0,0,,
1966,14,0,1,1,,CZE
1967,15,1,0,1,SPN,
1968,15,0,0,0,,
1969,15,0,0,0,,
1970,16,1,0,1,MEX,
1971,15,1,2,3,BNG,"MEX,PAK"
1972,14,0,1,1,,BNG
1973,14,0,0,0,,
1974,16,2,0,2,"MEX,ROK",
1975,17,1,0,1,IRN,
1976,17,0,0,0,,
1977,18,1,0,1,TUR,
1978,17,0,1,1,,TUR
1979,16,0,1,1,,IRN
1980,17,1,0,1,DRV,
1981,17,0,0,0,,
1982,20,3,0,3,"IRN,TUR,PAK",
1983,18,0,2,2,,"IRN,PAK"
1984,20,2,0,2,"IRN,IRQ",
1985,19,0,1,1,,DRV
1986,18,1,2,3,DRV,"IRN,IRQ"
1987,19,1,0,1,IRQ,
1988,20,1,0,1,IRN,
1989,22,2,0,2,"PRK,PAK",
1990,21,1,2,3,GMY,"IRN,DRV"
1991,23,4,2,6,"UKR,IRN,SAU,DRV","GFR,IRQ"
1992,20,0,3,3,,"POL,SAU,DRV"
1993,22,2,0,2,"SAU,TAW",
1994,21,0,1,1,,SAU
1995,21,0,0,0,,
1996,21,0,0,0,,
1997,21,0,0,0,,
1998,21,1,1,2,SAU,PRK
1999,21,0,0,0,,
2000,22,1,0,1,PRK,
2001,22,1,1,2,THI,SPN
2002,22,2,2,4,"SPN,EGY","TAW,THI"
2003,21,0,1,1,,EGY
2004,22,1,0,1,EGY,
2005,22,0,0,0,,
2006,22,0,0,0,,
2007,22,0,0,0,,
2008,21,0,1,1,,UKR
2009,19,0,2,2,,"CAN,SPN"
2010,19,0,0,0,,
2011,19,0,0,0,,
2012,18,0,1,1,,EGY
