year,layer,nodes,edges,density,data
1890,alliance,12,9.0,0.1364,ok
1890,trade,12,53.0,0.803,ok
1890,disputes,12,1.0,0.0152,ok
1890,diplomacy,12,,,sem_dado
1891,alliance,13,10.0,0.1282,ok
1891,trade,13,60.0,0.7692,ok
1891,disputes,13,2.0,0.0256,ok
1891,diplomacy,13,,,sem_dado
1892,alliance,12,9.0,0.1364,ok
1892,trade,12,53.0,0.803,ok
1892,disputes,12,1.0,0.0152,ok
1892,diplomacy,12,,,sem_dado
1893,alliance,13,10.0,0.1282,ok
1893,trade,13,63.0,0.8077,ok
1893,disputes,13,1.0,0.0128,ok
1893,diplomacy,13,,,sem_dado
1894,alliance,12,9.0,0.1364,ok
1894,trade,12,45.0,0.6818,ok
1894,disputes,12,1.0,0.0152,ok
1894,diplomacy,12,64.0,0.9697,ok
1895,alliance,12,9.0,0.1364,ok
1895,trade,12,53.0,0.803,ok
1895,disputes,12,7.0,0.1061,ok
1895,diplomacy,12,,,sem_dado
1896,alliance,12,7.0,0.1061,ok
1896,trade,12,54.0,0.8182,ok
1896,disputes,12,1.0,0.0152,ok
1896,diplomacy,12,,,sem_dado
1897,alliance,12,7.0,0.1061,ok
1897,trade,12,56.0,0.8485,ok
1897,disputes,12,10.0,0.1515,ok
1897,diplomacy,12,,,sem_dado
1898,alliance,12,5.0,0.0758,ok
1898,trade,12,57.0,0.8636,ok
1898,disputes,12,12.0,0.1818,ok
1898,diplomacy,12,,,sem_dado
1899,alliance,12,5.0,0.0758,ok
1899,trade,12,55.0,0.8333,ok
1899,disputes,12,2.0,0.0303,ok
1899,diplomacy,12,64.0,0.9697,ok
1900,alliance,12,5.0,0.0758,ok
1900,trade,12,54.0,0.8182,ok
1900,disputes,12,10.0,0.1515,ok
1900,diplomacy,12,,,sem_dado
1901,alliance,12,4.0,0.0606,ok
1901,trade,12,54.0,0.8182,ok
1901,disputes,12,0.0,0.0,ok
1901,diplomacy,12,,,sem_dado
1902,alliance,12,6.0,0.0909,ok
1902,trade,12,51.0,0.7727,ok
1902,disputes,12,4.0,0.0606,ok
1902,diplomacy,12,,,sem_dado
1903,alliance,12,6.0,0.0909,ok
1903,trade,12,53.0,0.803,ok
1903,disputes,12,5.0,0.0758,ok
1903,diplomacy,12,,,sem_dado
1904,alliance,13,8.0,0.1026,ok
1904,trade,13,60.0,0.7692,ok
1904,disputes,13,4.0,0.0513,ok
1904,diplomacy,13,74.0,0.9487,ok
1905,alliance,12,9.0,0.1364,ok
1905,trade,12,59.0,0.8939,ok
1905,disputes,12,7.0,0.1061,ok
1905,diplomacy,12,,,sem_dado
1906,alliance,13,8.0,0.1026,ok
1906,trade,13,64.0,0.8205,ok
1906,disputes,13,2.0,0.0256,ok
1906,diplomacy,13,,,sem_dado
1907,alliance,13,10.0,0.1282,ok
1907,trade,13,65.0,0.8333,ok
1907,disputes,13,1.0,0.0128,ok
1907,diplomacy,13,,,sem_dado
1908,alliance,13,11.0,0.141,ok
1908,trade,13,60.0,0.7692,ok
1908,disputes,13,1.0,0.0128,ok
1908,diplomacy,13,,,sem_dado
1909,alliance,13,11.0,0.141,ok
1909,trade,13,62.0,0.7949,ok
1909,disputes,13,1.0,0.0128,ok
1909,diplomacy,13,74.0,0.9487,ok
1910,alliance,13,12.0,0.1538,ok
1910,trade,13,64.0,0.8205,ok
1910,disputes,13,2.0,0.0256,ok
1910,diplomacy,13,,,sem_dado
1911,alliance,13,11.0,0.141,ok
1911,trade,13,64.0,0.8205,ok
1911,disputes,13,7.0,0.0897,ok
1911,diplomacy,13,,,sem_dado
1912,alliance,13,11.0,0.141,ok
1912,trade,13,69.0,0.8846,ok
1912,disputes,13,3.0,0.0385,ok
1912,diplomacy,13,,,sem_dado
1913,alliance,14,11.0,0.1209,ok
1913,trade,14,76.0,0.8352,ok
1913,disputes,14,4.0,0.044,ok
1913,diplomacy,14,,,sem_dado
1914,alliance,12,12.0,0.1818,ok
1914,trade,12,6.0,0.0909,ok
1914,disputes,12,19.0,0.2879,ok
1914,diplomacy,12,64.0,0.9697,ok
1915,alliance,9,11.0,0.3056,ok
1915,trade,9,4.0,0.1111,ok
1915,disputes,9,12.0,0.3333,ok
1915,diplomacy,9,,,sem_dado
1916,alliance,9,9.0,0.25,ok
1916,trade,9,3.0,0.0833,ok
1916,disputes,9,12.0,0.3333,ok
1916,diplomacy,9,,,sem_dado
1917,alliance,10,9.0,0.2,ok
1917,trade,10,4.0,0.0889,ok
1917,disputes,10,18.0,0.4,ok
1917,diplomacy,10,,,sem_dado
1918,alliance,10,5.0,0.1111,ok
1918,trade,10,2.0,0.0444,ok
1918,disputes,10,19.0,0.4222,ok
1918,diplomacy,10,,,sem_dado
1919,alliance,11,1.0,0.0182,ok
1919,trade,11,24.0,0.4364,ok
1919,disputes,11,13.0,0.2364,ok
1919,diplomacy,11,,,sem_dado
1920,alliance,13,2.0,0.0256,ok
1920,trade,13,62.0,0.7949,ok
1920,disputes,13,10.0,0.1282,ok
1920,diplomacy,13,53.0,0.6795,ok
1921,alliance,13,8.0,0.1026,ok
1921,trade,13,62.0,0.7949,ok
1921,disputes,13,8.0,0.1026,ok
1921,diplomacy,13,,,sem_dado
1922,alliance,13,8.0,0.1026,ok
1922,trade,13,64.0,0.8205,ok
1922,disputes,13,3.0,0.0385,ok
1922,diplomacy,13,,,sem_dado
1923,alliance,13,8.0,0.1026,ok
1923,trade,13,65.0,0.8333,ok
1923,disputes,13,4.0,0.0513,ok
1923,diplomacy,13,,,sem_dado
1924,alliance,13,10.0,0.1282,ok
1924,trade,13,73.0,0.9359,ok
1924,disputes,13,0.0,0.0,ok
1924,diplomacy,13,,,sem_dado
1925,alliance,13,18.0,0.2308,ok
1925,trade,13,70.0,0.8974,ok
1925,disputes,13,2.0,0.0256,ok
1925,diplomacy,13,75.0,0.9615,ok
1926,alliance,13,20.0,0.2564,ok
1926,trade,13,63.0,0.8077,ok
1926,disputes,13,9.0,0.1154,ok
1926,diplomacy,13,,,sem_dado
1927,alliance,13,20.0,0.2564,ok
1927,trade,13,77.0,0.9872,ok
1927,disputes,13,10.0,0.1282,ok
1927,diplomacy,13,,,sem_dado
1928,alliance,14,24.0,0.2637,ok
1928,trade,14,83.0,0.9121,ok
1928,disputes,14,1.0,0.011,ok
1928,diplomacy,14,,,sem_dado
1929,alliance,14,24.0,0.2637,ok
1929,trade,14,83.0,0.9121,ok
1929,disputes,14,1.0,0.011,ok
1929,diplomacy,14,,,sem_dado
1930,alliance,14,23.0,0.2527,ok
1930,trade,14,67.0,0.7363,ok
1930,disputes,14,0.0,0.0,ok
1930,diplomacy,14,84.0,0.9231,ok
1931,alliance,14,23.0,0.2527,ok
1931,trade,14,81.0,0.8901,ok
1931,disputes,14,1.0,0.011,ok
1931,diplomacy,14,,,sem_dado
1932,alliance,13,16.0,0.2051,ok
1932,trade,13,74.0,0.9487,ok
1932,disputes,13,4.0,0.0513,ok
1932,diplomacy,13,,,sem_dado
1933,alliance,13,17.0,0.2179,ok
1933,trade,13,77.0,0.9872,ok
1933,disputes,13,3.0,0.0385,ok
1933,diplomacy,13,,,sem_dado
1934,alliance,13,17.0,0.2179,ok
1934,trade,13,75.0,0.9615,ok
1934,disputes,13,5.0,0.0641,ok
1934,diplomacy,13,,,sem_dado
1935,alliance,13,18.0,0.2308,ok
1935,trade,13,74.0,0.9487,ok
1935,disputes,13,3.0,0.0385,ok
1935,diplomacy,13,77.0,0.9872,ok
1936,alliance,14,20.0,0.2198,ok
1936,trade,14,78.0,0.8571,ok
1936,disputes,14,9.0,0.0989,ok
1936,diplomacy,14,,,sem_dado
1937,alliance,13,14.0,0.1795,ok
1937,trade,13,74.0,0.9487,ok
1937,disputes,13,10.0,0.1282,ok
1937,diplomacy,13,,,sem_dado
1938,alliance,13,15.0,0.1923,ok
1938,trade,13,74.0,0.9487,ok
1938,disputes,13,14.0,0.1795,ok
1938,diplomacy,13,,,sem_dado
1939,alliance,11,18.0,0.3273,ok
1939,trade,11,30.0,0.5455,ok
1939,disputes,11,18.0,0.3273,ok
1939,diplomacy,11,,,sem_dado
1940,alliance,11,11.0,0.2,ok
1940,trade,11,26.0,0.4727,ok
1940,disputes,11,22.0,0.4,ok
1940,diplomacy,11,44.0,0.8,ok
1941,alliance,12,9.0,0.1364,ok
1941,trade,12,28.0,0.4242,ok
1941,disputes,12,30.0,0.4545,ok
1941,diplomacy,12,,,sem_dado
1942,alliance,11,4.0,0.0727,ok
1942,trade,11,21.0,0.3818,ok
1942,disputes,11,24.0,0.4364,ok
1942,diplomacy,11,,,sem_dado
1943,alliance,11,5.0,0.0909,ok
1943,trade,11,9.0,0.1636,ok
1943,disputes,11,31.0,0.5636,ok
1943,diplomacy,11,,,sem_dado
1944,alliance,12,5.0,0.0758,ok
1944,trade,12,19.0,0.2879,ok
1944,disputes,12,28.0,0.4242,ok
1944,diplomacy,12,,,sem_dado
1945,alliance,12,5.0,0.0758,ok
1945,trade,12,20.0,0.303,ok
1945,disputes,12,19.0,0.2879,ok
1945,diplomacy,12,,,sem_dado
1946,alliance,13,6.0,0.0769,ok
1946,trade,13,29.0,0.3718,ok
1946,disputes,13,4.0,0.0513,ok
1946,diplomacy,13,,,sem_dado
1947,alliance,15,8.0,0.0762,ok
1947,trade,15,31.0,0.2952,ok
1947,disputes,15,2.0,0.019,ok
1947,diplomacy,15,,,sem_dado
1948,alliance,15,10.0,0.0952,ok
1948,trade,15,83.0,0.7905,ok
1948,disputes,15,5.0,0.0476,ok
1948,diplomacy,15,,,sem_dado
1949,alliance,16,17.0,0.1417,ok
1949,trade,16,89.0,0.7417,ok
1949,disputes,16,9.0,0.075,ok
1949,diplomacy,16,,,sem_dado
1950,alliance,15,17.0,0.1619,ok
1950,trade,15,89.0,0.8476,ok
1950,disputes,15,8.0,0.0762,ok
1950,diplomacy,15,77.0,0.7333,ok
1951,alliance,14,17.0,0.1868,ok
1951,trade,14,80.0,0.8791,ok
1951,disputes,14,7.0,0.0769,ok
1951,diplomacy,14,,,sem_dado
1952,alliance,15,18.0,0.1714,ok
1952,trade,15,93.0,0.8857,ok
1952,disputes,15,5.0,0.0476,ok
1952,diplomacy,15,,,sem_dado
1953,alliance,15,18.0,0.1714,ok
1953,trade,15,89.0,0.8476,ok
1953,disputes,15,10.0,0.0952,ok
1953,diplomacy,15,,,sem_dado
1954,alliance,16,21.0,0.175,ok
1954,trade,16,98.0,0.8167,ok
1954,disputes,16,6.0,0.05,ok
1954,diplomacy,16,,,sem_dado
1955,alliance,15,23.0,0.219,ok
1955,trade,15,97.0,0.9238,ok
1955,disputes,15,3.0,0.0286,ok
1955,diplomacy,15,80.0,0.7619,ok
1956,alliance,16,24.0,0.2,ok
1956,trade,16,112.0,0.9333,ok
1956,disputes,16,7.0,0.0583,ok
1956,diplomacy,16,,,sem_dado
1957,alliance,15,21.0,0.2,ok
1957,trade,15,100.0,0.9524,ok
1957,disputes,15,4.0,0.0381,ok
1957,diplomacy,15,,,sem_dado
1958,alliance,16,24.0,0.2,ok
1958,trade,16,102.0,0.85,ok
1958,disputes,16,9.0,0.075,ok
1958,diplomacy,16,,,sem_dado
1959,alliance,16,24.0,0.2,ok
1959,trade,16,107.0,0.8917,ok
1959,disputes,16,7.0,0.0583,ok
1959,diplomacy,16,,,sem_dado
1960,alliance,15,24.0,0.2286,ok
1960,trade,15,78.0,0.7429,ok
1960,disputes,15,6.0,0.0571,ok
1960,diplomacy,15,94.0,0.8952,ok
1961,alliance,15,24.0,0.2286,ok
1961,trade,15,82.0,0.781,ok
1961,disputes,15,16.0,0.1524,ok
1961,diplomacy,15,,,sem_dado
1962,alliance,15,44.0,0.419,ok
1962,trade,15,81.0,0.7714,ok
1962,disputes,15,8.0,0.0762,ok
1962,diplomacy,15,,,sem_dado
1963,alliance,15,44.0,0.419,ok
1963,trade,15,80.0,0.7619,ok
1963,disputes,15,8.0,0.0762,ok
1963,diplomacy,15,,,sem_dado
1964,alliance,15,44.0,0.419,ok
1964,trade,15,82.0,0.781,ok
1964,disputes,15,7.0,0.0667,ok
1964,diplomacy,15,,,sem_dado
1965,alliance,15,24.0,0.2286,ok
1965,trade,15,81.0,0.7714,ok
1965,disputes,15,8.0,0.0762,ok
1965,diplomacy,15,96.0,0.9143,ok
1966,alliance,14,22.0,0.2418,ok
1966,trade,14,71.0,0.7802,ok
1966,disputes,14,6.0,0.0659,ok
1966,diplomacy,14,,,sem_dado
1967,alliance,15,22.0,0.2095,ok
1967,trade,15,82.0,0.781,ok
1967,disputes,15,7.0,0.0667,ok
1967,diplomacy,15,,,sem_dado
1968,alliance,15,22.0,0.2095,ok
1968,trade,15,84.0,0.8,ok
1968,disputes,15,6.0,0.0571,ok
1968,diplomacy,15,,,sem_dado
1969,alliance,15,22.0,0.2095,ok
1969,trade,15,85.0,0.8095,ok
1969,disputes,15,6.0,0.0571,ok
1969,diplomacy,15,,,sem_dado
1970,alliance,16,26.0,0.2167,ok
1970,trade,16,99.0,0.825,ok
1970,disputes,16,4.0,0.0333,ok
1970,diplomacy,16,111.0,0.925,ok
1971,alliance,15,23.0,0.219,ok
1971,trade,15,75.0,0.7143,ok
1971,disputes,15,2.0,0.019,ok
1971,diplomacy,15,,,sem_dado
1972,alliance,14,23.0,0.2527,ok
1972,trade,14,75.0,0.8242,ok
1972,disputes,14,2.0,0.022,ok
1972,diplomacy,14,,,sem_dado
1973,alliance,14,23.0,0.2527,ok
1973,trade,14,76.0,0.8352,ok
1973,disputes,14,2.0,0.022,ok
1973,diplomacy,14,,,sem_dado
1974,alliance,16,26.0,0.2167,ok
1974,trade,16,100.0,0.8333,ok
1974,disputes,16,1.0,0.0083,ok
1974,diplomacy,16,,,sem_dado
1975,alliance,17,28.0,0.2059,ok
1975,trade,17,115.0,0.8456,ok
1975,disputes,17,1.0,0.0074,ok
1975,diplomacy,17,125.0,0.9191,ok
1976,alliance,17,28.0,0.2059,ok
1976,trade,17,115.0,0.8456,ok
1976,disputes,17,2.0,0.0147,ok
1976,diplomacy,17,,,sem_dado
1977,alliance,18,35.0,0.2288,ok
1977,trade,18,132.0,0.8627,ok
1977,disputes,18,3.0,0.0196,ok
1977,diplomacy,18,,,sem_dado
1978,alliance,17,28.0,0.2059,ok
1978,trade,17,118.0,0.8676,ok
1978,disputes,17,4.0,0.0294,ok
1978,diplomacy,17,,,sem_dado
1979,alliance,16,26.0,0.2167,ok
1979,trade,16,104.0,0.8667,ok
1979,disputes,16,5.0,0.0417,ok
1979,diplomacy,16,,,sem_dado
1980,alliance,17,27.0,0.1985,ok
1980,trade,17,115.0,0.8456,ok
1980,disputes,17,7.0,0.0515,ok
1980,diplomacy,17,129.0,0.9485,ok
1981,alliance,17,31.0,0.2279,ok
1981,trade,17,116.0,0.8529,ok
1981,disputes,17,2.0,0.0147,ok
1981,diplomacy,17,,,sem_dado
1982,alliance,20,40.0,0.2105,ok
1982,trade,20,161.0,0.8474,ok
1982,disputes,20,5.0,0.0263,ok
1982,diplomacy,20,,,sem_dado
1983,alliance,18,38.0,0.2484,ok
1983,trade,18,129.0,0.8431,ok
1983,disputes,18,4.0,0.0261,ok
1983,diplomacy,18,,,sem_dado
1984,alliance,20,39.0,0.2053,ok
1984,trade,20,158.0,0.8316,ok
1984,disputes,20,14.0,0.0737,ok
1984,diplomacy,20,,,sem_dado
1985,alliance,19,38.0,0.2222,ok
1985,trade,19,147.0,0.8596,ok
1985,disputes,19,13.0,0.076,ok
1985,diplomacy,19,163.0,0.9532,ok
1986,alliance,18,38.0,0.2484,ok
1986,trade,18,130.0,0.8497,ok
1986,disputes,18,6.0,0.0392,ok
1986,diplomacy,18,,,sem_dado
1987,alliance,19,39.0,0.2281,ok
1987,trade,19,147.0,0.8596,ok
1987,disputes,19,7.0,0.0409,ok
1987,diplomacy,19,,,sem_dado
1988,alliance,20,39.0,0.2053,ok
1988,trade,20,162.0,0.8526,ok
1988,disputes,20,13.0,0.0684,ok
1988,diplomacy,20,,,sem_dado
1989,alliance,22,45.0,0.1948,ok
1989,trade,22,200.0,0.8658,ok
1989,disputes,22,3.0,0.013,ok
1989,diplomacy,22,,,sem_dado
1990,alliance,21,53.0,0.2524,ok
1990,trade,21,183.0,0.8714,ok
1990,disputes,21,10.0,0.0476,ok
1990,diplomacy,21,174.0,0.8286,ok
1991,alliance,23,46.0,0.1818,ok
1991,trade,23,225.0,0.8893,ok
1991,disputes,23,4.0,0.0158,ok
1991,diplomacy,23,,,sem_dado
1992,alliance,20,44.0,0.2316,ok
1992,trade,20,180.0,0.9474,ok
1992,disputes,20,2.0,0.0105,ok
1992,diplomacy,20,,,sem_dado
1993,alliance,22,44.0,0.1905,ok
1993,trade,22,225.0,0.974,ok
1993,disputes,22,9.0,0.039,ok
1993,diplomacy,22,,,sem_dado
1994,alliance,21,44.0,0.2095,ok
1994,trade,21,205.0,0.9762,ok
1994,disputes,21,11.0,0.0524,ok
1994,diplomacy,21,,,sem_dado
1995,alliance,21,45.0,0.2143,ok
1995,trade,21,204.0,0.9714,ok
1995,disputes,21,10.0,0.0476,ok
1995,diplomacy,21,176.0,0.8381,ok
1996,alliance,21,45.0,0.2143,ok
1996,trade,21,207.0,0.9857,ok
1996,disputes,21,14.0,0.0667,ok
1996,diplomacy,21,,,sem_dado
1997,alliance,21,45.0,0.2143,ok
1997,trade,21,208.0,0.9905,ok
1997,disputes,21,9.0,0.0429,ok
1997,diplomacy,21,,,sem_dado
1998,alliance,21,43.0,0.2048,ok
1998,trade,21,208.0,0.9905,ok
1998,disputes,21,1.0,0.0048,ok
1998,diplomacy,21,,,sem_dado
1999,alliance,21,43.0,0.2048,ok
1999,trade,21,208.0,0.9905,ok
1999,disputes,21,14.0,0.0667,ok
1999,diplomacy,21,,,sem_dado
2000,alliance,22,46.0,0.1991,ok
2000,trade,22,228.0,0.987,ok
2000,disputes,22,9.0,0.039,ok
2000,diplomacy,22,193.0,0.8355,ok
2001,alliance,22,39.0,0.1688,ok
2001,trade,22,228.0,0.987,ok
2001,disputes,22,7.0,0.0303,ok
2001,diplomacy,22,,,sem_dado
2002,alliance,22,50.0,0.2165,ok
2002,trade,22,229.0,0.9913,ok
2002,disputes,22,9.0,0.039,ok
2002,diplomacy,22,,,sem_dado
2003,alliance,21,49.0,0.2333,ok
2003,trade,21,207.0,0.9857,ok
2003,disputes,21,13.0,0.0619,ok
2003,diplomacy,21,,,sem_dado
2004,alliance,22,49.0,0.2121,ok
2004,trade,22,228.0,0.987,ok
2004,disputes,22,8.0,0.0346,ok
2004,diplomacy,22,,,sem_dado
2005,alliance,22,49.0,0.2121,ok
2005,trade,22,229.0,0.9913,ok
2005,disputes,22,7.0,0.0303,ok
2005,diplomacy,22,220.0,0.9524,ok
2006,alliance,22,49.0,0.2121,ok
2006,trade,22,228.0,0.987,ok
2006,disputes,22,3.0,0.013,ok
2006,diplomacy,22,,,sem_dado
2007,alliance,22,49.0,0.2121,ok
2007,trade,22,228.0,0.987,ok
2007,disputes,22,5.0,0.0216,ok
2007,diplomacy,22,,,sem_dado
2008,alliance,21,48.0,0.2286,ok
2008,trade,21,207.0,0.9857,ok
2008,disputes,21,5.0,0.0238,ok
2008,diplomacy,21,,,sem_dado
2009,alliance,19,32.0,0.1871,ok
2009,trade,19,168.0,0.9825,ok
2009,disputes,19,9.0,0.0526,ok
2009,diplomacy,19,,,sem_dado
2010,alliance,19,32.0,0.1871,ok
2010,trade,19,167.0,0.9766,ok
2010,disputes,19,7.0,0.0409,ok
2010,diplomacy,19,,,sem_dado
2011,alliance,19,32.0,0.1871,ok
2011,trade,19,167.0,0.9766,ok
2011,disputes,19,11.0,0.0643,ok
2011,diplomacy,19,,,sem_dado
2012,alliance,18,32.0,0.2092,ok
2012,trade,18,149.0,0.9739,ok
2012,disputes,18,15.0,0.098,ok
2012,diplomacy,18,,,sem_dado
