year,window,nodes,edges,density
1890,1,12,1,0.0152
1891,1,13,2,0.0256
1892,1,12,1,0.0152
1893,1,13,1,0.0128
1894,1,12,1,0.0152
1895,1,12,7,0.1061
1896,1,12,1,0.0152
1897,1,12,10,0.1515
1898,1,12,12,0.1818
1899,1,12,2,0.0303
1900,1,12,10,0.1515
1901,1,12,0,0.0
1902,1,12,4,0.0606
1903,1,12,5,0.0758
1904,1,13,4,0.0513
1905,1,12,7,0.1061
1906,1,13,2,0.0256
1907,1,13,1,0.0128
1908,1,13,1,0.0128
1909,1,13,1,0.0128
1910,1,13,2,0.0256
1911,1,13,7,0.0897
1912,1,13,3,0.0385
1913,1,14,4,0.044
1914,1,12,19,0.2879
1915,1,9,12,0.3333
1916,1,9,12,0.3333
1917,1,10,18,0.4
1918,1,10,19,0.4222
1919,1,11,13,0.2364
1920,1,13,10,0.1282
1921,1,13,8,0.1026
1922,1,13,3,0.0385
1923,1,13,4,0.0513
1924,1,13,0,0.0
1925,1,13,2,0.0256
1926,1,13,9,0.1154
1927,1,13,10,0.1282
1928,1,14,1,0.011
1929,1,14,1,0.011
1930,1,14,0,0.0
1931,1,14,1,0.011
1932,1,13,4,0.0513
1933,1,13,3,0.0385
1934,1,13,5,0.0641
1935,1,13,3,0.0385
1936,1,14,9,0.0989
1937,1,13,10,0.1282
1938,1,13,14,0.1795
1939,1,11,18,0.3273
1940,1,11,22,0.4
1941,1,12,30,0.4545
1942,1,11,24,0.4364
1943,1,11,31,0.5636
1944,1,12,28,0.4242
1945,1,12,19,0.2879
1946,1,13,4,0.0513
1947,1,15,2,0.019
1948,1,15,5,0.0476
1949,1,16,9,0.075
1950,1,15,8,0.0762
1951,1,14,7,0.0769
1952,1,15,5,0.0476
1953,1,15,10,0.0952
1954,1,16,6,0.05
1955,1,15,3,0.0286
1956,1,16,7,0.0583
1957,1,15,4,0.0381
1958,1,16,9,0.075
1959,1,16,7,0.0583
1960,1,15,6,0.0571
1961,1,15,16,0.1524
1962,1,15,8,0.0762
1963,1,15,8,0.0762
1964,1,15,7,0.0667
1965,1,15,8,0.0762
1966,1,14,6,0.0659
1967,1,15,7,0.0667
1968,1,15,6,0.0571
1969,1,15,6,0.0571
1970,1,16,4,0.0333
1971,1,15,2,0.019
1972,1,14,2,0.022
1973,1,14,2,0.022
1974,1,16,1,0.0083
1975,1,17,1,0.0074
1976,1,17,2,0.0147
1977,1,18,3,0.0196
1978,1,17,4,0.0294
1979,1,16,5,0.0417
1980,1,17,7,0.0515
1981,1,17,2,0.0147
1982,1,20,5,0.0263
1983,1,18,4,0.0261
1984,1,20,14,0.0737
1985,1,19,13,0.076
1986,1,18,6,0.0392
1987,1,19,7,0.0409
1988,1,20,13,0.0684
1989,1,22,3,0.013
1990,1,21,10,0.0476
1991,1,23,4,0.0158
1992,1,20,2,0.0105
1993,1,22,9,0.039
1994,1,21,11,0.0524
1995,1,21,10,0.0476
1996,1,21,14,0.0667
1997,1,21,9,0.0429
1998,1,21,1,0.0048
1999,1,21,14,0.0667
2000,1,22,9,0.039
2001,1,22,7,0.0303
2002,1,22,9,0.039
2003,1,21,13,0.0619
2004,1,22,8,0.0346
2005,1,22,7,0.0303
2006,1,22,3,0.013
2007,1,22,5,0.0216
2008,1,21,5,0.0238
2009,1,19,9,0.0526
2010,1,19,7,0.0409
2011,1,19,11,0.0643
2012,1,18,15,0.098
1890,3,12,6,0.0909
1891,3,13,4,0.0513
1892,3,12,2,0.0303
1893,3,13,3,0.0385
1894,3,12,3,0.0455
1895,3,12,8,0.1212
1896,3,12,8,0.1212
1897,3,12,15,0.2273
1898,3,12,14,0.2121
1899,3,12,16,0.2424
1900,3,12,17,0.2576
1901,3,12,10,0.1515
1902,3,12,14,0.2121
1903,3,12,6,0.0909
1904,3,13,9,0.1154
1905,3,12,13,0.197
1906,3,13,10,0.1282
1907,3,13,8,0.1026
1908,3,13,4,0.0513
1909,3,13,2,0.0256
1910,3,13,3,0.0385
1911,3,13,8,0.1026
1912,3,13,8,0.1026
1913,3,14,11,0.1209
1914,3,12,20,0.303
1915,3,9,13,0.3611
1916,3,9,13,0.3611
1917,3,10,18,0.4
1918,3,10,21,0.4667
1919,3,11,18,0.3273
1920,3,13,20,0.2564
1921,3,13,17,0.2179
1922,3,13,14,0.1795
1923,3,13,8,0.1026
1924,3,13,5,0.0641
1925,3,13,6,0.0769
1926,3,13,9,0.1154
1927,3,13,12,0.1538
1928,3,14,12,0.1319
1929,3,14,10,0.1099
1930,3,14,2,0.022
1931,3,14,2,0.022
1932,3,13,4,0.0513
1933,3,13,5,0.0641
1934,3,13,7,0.0897
1935,3,13,6,0.0769
1936,3,14,12,0.1319
1937,3,13,13,0.1667
1938,3,13,18,0.2308
1939,3,11,23,0.4182
1940,3,11,28,0.5091
1941,3,12,44,0.6667
1942,3,11,38,0.6909
1943,3,11,31,0.5636
1944,3,12,37,0.5606
1945,3,12,37,0.5606
1946,3,13,13,0.1667
1947,3,15,5,0.0476
1948,3,15,6,0.0571
1949,3,16,10,0.0833
1950,3,15,11,0.1048
1951,3,14,9,0.0989
1952,3,15,8,0.0762
1953,3,15,11,0.1048
1954,3,16,12,0.1
1955,3,15,9,0.0857
1956,3,16,9,0.075
1957,3,15,8,0.0762
1958,3,16,11,0.0917
1959,3,16,11,0.0917
1960,3,15,11,0.1048
1961,3,15,18,0.1714
1962,3,15,18,0.1714
1963,3,15,20,0.1905
1964,3,15,13,0.1238
1965,3,15,11,0.1048
1966,3,14,9,0.0989
1967,3,15,9,0.0857
1968,3,15,10,0.0952
1969,3,15,10,0.0952
1970,3,16,10,0.0833
1971,3,15,7,0.0667
1972,3,14,4,0.044
1973,3,14,3,0.033
1974,3,16,4,0.0333
1975,3,17,3,0.0221
1976,3,17,4,0.0294
1977,3,18,5,0.0327
1978,3,17,5,0.0368
1979,3,16,5,0.0417
1980,3,17,11,0.0809
1981,3,17,11,0.0809
1982,3,20,13,0.0684
1983,3,18,5,0.0327
1984,3,20,18,0.0947
1985,3,19,22,0.1287
1986,3,18,10,0.0654
1987,3,19,13,0.076
1988,3,20,24,0.1263
1989,3,22,23,0.0996
1990,3,21,13,0.0619
1991,3,23,5,0.0198
1992,3,20,6,0.0316
1993,3,22,12,0.0519
1994,3,21,14,0.0667
1995,3,21,16,0.0762
1996,3,21,19,0.0905
1997,3,21,19,0.0905
1998,3,21,14,0.0667
1999,3,21,16,0.0762
2000,3,22,18,0.0779
2001,3,22,17,0.0736
2002,3,22,14,0.0606
2003,3,21,18,0.0857
2004,3,22,17,0.0736
2005,3,22,16,0.0693
2006,3,22,11,0.0476
2007,3,22,9,0.039
2008,3,21,8,0.0381
2009,3,19,10,0.0585
2010,3,19,13,0.076
2011,3,19,17,0.0994
2012,3,18,21,0.1373
1890,5,12,8,0.1212
1891,5,13,9,0.1154
1892,5,12,7,0.1061
1893,5,13,5,0.0641
1894,5,12,4,0.0606
1895,5,12,10,0.1515
1896,5,12,9,0.1364
1897,5,12,15,0.2273
1898,5,12,18,0.2727
1899,5,12,20,0.303
1900,5,12,19,0.2879
1901,5,12,19,0.2879
1902,5,12,20,0.303
1903,5,12,14,0.2121
1904,5,13,17,0.2179
1905,5,12,13,0.197
1906,5,13,14,0.1795
1907,5,13,15,0.1923
1908,5,13,11,0.141
1909,5,13,8,0.1026
1910,5,13,5,0.0641
1911,5,13,8,0.1026
1912,5,13,9,0.1154
1913,5,14,12,0.1319
1914,5,12,22,0.3333
1915,5,9,15,0.4167
1916,5,9,14,0.3889
1917,5,10,18,0.4
1918,5,10,21,0.4667
1919,5,11,18,0.3273
1920,5,13,20,0.2564
1921,5,13,20,0.2564
1922,5,13,20,0.2564
1923,5,13,16,0.2051
1924,5,13,14,0.1795
1925,5,13,10,0.1282
1926,5,13,12,0.1538
1927,5,13,15,0.1923
1928,5,14,12,0.1319
1929,5,14,12,0.1319
1930,5,14,12,0.1319
1931,5,14,10,0.1099
1932,5,13,5,0.0641
1933,5,13,5,0.0641
1934,5,13,7,0.0897
1935,5,13,8,0.1026
1936,5,14,14,0.1538
1937,5,13,15,0.1923
1938,5,13,19,0.2436
1939,5,11,23,0.4182
1940,5,11,29,0.5273
1941,5,12,44,0.6667
1942,5,11,43,0.7818
1943,5,11,37,0.6727
1944,5,12,47,0.7121
1945,5,12,44,0.6667
1946,5,13,21,0.2692
1947,5,15,20,0.1905
1948,5,15,14,0.1333
1949,5,16,11,0.0917
1950,5,15,12,0.1143
1951,5,14,10,0.1099
1952,5,15,10,0.0952
1953,5,15,13,0.1238
1954,5,16,12,0.1
1955,5,15,9,0.0857
1956,5,16,13,0.1083
1957,5,15,13,0.1238
1958,5,16,11,0.0917
1959,5,16,12,0.1
1960,5,15,13,0.1238
1961,5,15,20,0.1905
1962,5,15,20,0.1905
1963,5,15,22,0.2095
1964,5,15,22,0.2095
1965,5,15,21,0.2
1966,5,14,12,0.1319
1967,5,15,11,0.1048
1968,5,15,12,0.1143
1969,5,15,12,0.1143
1970,5,16,11,0.0917
1971,5,15,9,0.0857
1972,5,14,9,0.0989
1973,5,14,7,0.0769
1974,5,16,6,0.05
1975,5,17,5,0.0368
1976,5,17,6,0.0441
1977,5,18,5,0.0327
1978,5,17,6,0.0441
1979,5,16,6,0.05
1980,5,17,12,0.0882
1981,5,17,11,0.0809
1982,5,20,15,0.0789
1983,5,18,12,0.0784
1984,5,20,23,0.1211
1985,5,19,24,0.1404
1986,5,18,12,0.0784
1987,5,19,19,0.1111
1988,5,20,31,0.1632
1989,5,22,32,0.1385
1990,5,21,19,0.0905
1991,5,23,19,0.0751
1992,5,20,12,0.0632
1993,5,22,13,0.0563
1994,5,21,17,0.081
1995,5,21,18,0.0857
1996,5,21,20,0.0952
1997,5,21,23,0.1095
1998,5,21,17,0.081
1999,5,21,21,0.1
2000,5,22,24,0.1039
2001,5,22,20,0.0866
2002,5,22,20,0.0866
2003,5,21,27,0.1286
2004,5,22,21,0.0909
2005,5,22,20,0.0866
2006,5,22,20,0.0866
2007,5,22,17,0.0736
2008,5,21,11,0.0524
2009,5,19,11,0.0643
2010,5,19,14,0.0819
2011,5,19,17,0.0994
2012,5,18,22,0.1438
