ano,n_estados,pares,linhas_fonte,ausentes_menos9,positivos,frac_ausente
1890,12,66,66,13,53,0.19696969696969696
1891,13,78,78,18,60,0.23076923076923078
1892,12,66,66,13,53,0.19696969696969696
1893,13,78,78,15,63,0.19230769230769232
1894,12,66,66,21,45,0.3181818181818182
1895,12,66,66,13,53,0.19696969696969696
1896,12,66,66,12,54,0.18181818181818182
1897,12,66,66,10,56,0.15151515151515152
1898,12,66,66,9,57,0.13636363636363635
1899,12,66,66,11,55,0.16666666666666666
1900,12,66,66,12,54,0.18181818181818182
1901,12,66,66,12,54,0.18181818181818182
1902,12,66,66,15,51,0.22727272727272727
1903,12,66,66,13,53,0.19696969696969696
1904,13,78,78,18,60,0.23076923076923078
1905,12,66,66,7,59,0.10606060606060606
1906,13,78,78,14,64,0.1794871794871795
1907,13,78,78,13,65,0.16666666666666666
1908,13,78,78,18,60,0.23076923076923078
1909,13,78,78,16,62,0.20512820512820512
1910,13,78,78,14,64,0.1794871794871795
1911,13,78,78,14,64,0.1794871794871795
1912,13,78,78,9,69,0.11538461538461539
1913,14,91,91,15,76,0.16483516483516483
1914,12,66,66,60,6,0.9090909090909091
1915,9,36,36,32,4,0.8888888888888888
1916,9,36,36,33,3,0.9166666666666666
1917,10,45,45,41,4,0.9111111111111111
1918,10,45,45,43,2,0.9555555555555556
1919,11,55,55,20,24,0.36363636363636365
1920,13,78,78,9,62,0.11538461538461539
1921,13,78,78,8,62,0.10256410256410256
1922,13,78,78,10,64,0.1282051282051282
1923,13,78,78,9,65,0.11538461538461539
1924,13,78,78,5,73,0.0641025641025641
1925,13,78,78,8,70,0.10256410256410256
1926,13,78,78,15,63,0.19230769230769232
1927,13,78,78,1,77,0.01282051282051282
1928,14,91,91,8,83,0.08791208791208792
1929,14,91,91,8,83,0.08791208791208792
1930,14,91,91,24,67,0.26373626373626374
1931,14,91,91,10,81,0.10989010989010989
1932,13,78,78,4,74,0.05128205128205128
1933,13,78,78,1,77,0.01282051282051282
1934,13,78,78,3,75,0.038461538461538464
1935,13,78,78,4,74,0.05128205128205128
1936,14,91,91,10,78,0.10989010989010989
1937,13,78,78,4,74,0.05128205128205128
1938,13,78,78,4,74,0.05128205128205128
1939,11,55,55,19,30,0.34545454545454546
1940,11,55,55,28,26,0.509090909090909
1941,12,66,66,36,28,0.5454545454545454
1942,11,55,55,33,21,0.6
1943,11,55,55,41,9,0.7454545454545455
1944,12,66,66,41,19,0.6212121212121212
1945,12,66,66,41,20,0.6212121212121212
1946,13,78,78,47,29,0.6025641025641025
1947,15,105,105,74,31,0.7047619047619048
1948,15,105,105,15,83,0.14285714285714285
1949,16,120,120,21,89,0.175
1950,15,105,105,8,89,0.0761904761904762
1951,14,91,91,6,80,0.06593406593406594
1952,15,105,105,6,93,0.05714285714285714
1953,15,105,105,6,89,0.05714285714285714
1954,16,120,120,10,98,0.08333333333333333
1955,15,105,105,1,97,0.009523809523809525
1956,16,120,120,1,112,0.008333333333333333
1957,15,105,105,0,100,0.0
1958,16,120,120,15,102,0.125
1959,16,120,120,11,107,0.09166666666666666
1960,15,105,105,14,78,0.13333333333333333
1961,15,105,105,14,82,0.13333333333333333
1962,15,105,105,14,81,0.13333333333333333
1963,15,105,105,14,80,0.13333333333333333
1964,15,105,105,20,82,0.19047619047619047
1965,15,105,105,20,81,0.19047619047619047
1966,14,91,91,16,71,0.17582417582417584
1967,15,105,105,17,82,0.1619047619047619
1968,15,105,105,17,84,0.1619047619047619
1969,15,105,105,17,85,0.1619047619047619
1970,16,120,120,16,99,0.13333333333333333
1971,15,105,105,17,75,0.1619047619047619
1972,14,91,91,14,75,0.15384615384615385
1973,14,91,91,14,76,0.15384615384615385
1974,16,120,120,16,100,0.13333333333333333
1975,17,136,136,19,115,0.13970588235294118
1976,17,136,136,19,115,0.13970588235294118
1977,18,153,153,20,132,0.13071895424836602
1978,17,136,136,17,118,0.125
1979,16,120,120,15,104,0.125
1980,17,136,136,18,115,0.1323529411764706
1981,17,136,136,17,116,0.125
1982,20,190,190,20,161,0.10526315789473684
1983,18,153,153,18,129,0.11764705882352941
1984,20,190,190,20,158,0.10526315789473684
1985,19,171,171,18,147,0.10526315789473684
1986,18,153,153,17,130,0.1111111111111111
1987,19,171,171,18,147,0.10526315789473684
1988,20,190,190,19,162,0.1
1989,22,231,231,21,200,0.09090909090909091
1990,21,210,210,20,183,0.09523809523809523
1991,23,253,253,22,225,0.08695652173913043
1992,20,190,190,3,180,0.015789473684210527
1993,22,231,231,2,225,0.008658008658008658
1994,21,210,210,0,205,0.0
1995,21,210,210,0,204,0.0
1996,21,210,210,0,207,0.0
1997,21,210,210,0,208,0.0
1998,21,210,210,0,208,0.0
1999,21,210,210,0,208,0.0
2000,22,231,231,0,228,0.0
2001,22,231,231,0,228,0.0
2002,22,231,231,0,229,0.0
2003,21,210,210,0,207,0.0
2004,22,231,231,0,228,0.0
2005,22,231,231,0,229,0.0
2006,22,231,231,0,228,0.0
2007,22,231,231,0,228,0.0
2008,21,210,210,0,207,0.0
2009,19,171,171,0,168,0.0
2010,19,171,171,0,167,0.0
2011,19,171,171,0,167,0.0
2012,18,153,153,0,149,0.0
