fold,arch,epoca,loss_treino,loss_val,celula,variante
1970,gcn,0,0.905513346195221,0.811808705329895,proxy_N1_ge2,com_dipl
1970,gcn,1,0.8989678025245667,0.8096374273300171,proxy_N1_ge2,com_dipl
1970,gcn,2,0.905429482460022,0.8097794651985168,proxy_N1_ge2,com_dipl
1970,gcn,3,0.8956917524337769,0.8093084096908569,proxy_N1_ge2,com_dipl
1970,gcn,4,0.898841142654419,0.8089615702629089,proxy_N1_ge2,com_dipl
1970,gcn,5,0.9045879244804382,0.8088102340698242,proxy_N1_ge2,com_dipl
1970,gcn,6,0.9014305472373962,0.8092213273048401,proxy_N1_ge2,com_dipl
1970,gcn,7,0.904357373714447,0.809637725353241,proxy_N1_ge2,com_dipl
1970,gcn,8,0.9083169102668762,0.8101173043251038,proxy_N1_ge2,com_dipl
1970,gcn,9,0.9073005318641663,0.8097288012504578,proxy_N1_ge2,com_dipl
1970,gcn,10,0.9060893058776855,0.8086795806884766,proxy_N1_ge2,com_dipl
1970,gcn,11,0.9019091129302979,0.8070875406265259,proxy_N1_ge2,com_dipl
1970,gcn,12,0.8947424292564392,0.8054813146591187,proxy_N1_ge2,com_dipl
1970,gcn,13,0.9046661257743835,0.8047587275505066,proxy_N1_ge2,com_dipl
1970,gcn,14,0.9041648507118225,0.8043820858001709,proxy_N1_ge2,com_dipl
1970,gcn,15,0.9013142585754395,0.8040228486061096,proxy_N1_ge2,com_dipl
1970,gcn,16,0.8981120586395264,0.8038093447685242,proxy_N1_ge2,com_dipl
1970,gcn,17,0.903154730796814,0.8035051226615906,proxy_N1_ge2,com_dipl
1970,gcn,18,0.8971454501152039,0.8032364845275879,proxy_N1_ge2,com_dipl
1970,gcn,19,0.9071776270866394,0.8032461404800415,proxy_N1_ge2,com_dipl
1970,gcn,20,0.9015552401542664,0.8032494783401489,proxy_N1_ge2,com_dipl
1970,gcn,21,0.9006070494651794,0.8031219244003296,proxy_N1_ge2,com_dipl
1970,gcn,22,0.9028234481811523,0.8031243085861206,proxy_N1_ge2,com_dipl
1970,gcn,23,0.8986105918884277,0.8032334446907043,proxy_N1_ge2,com_dipl
1970,gcn,24,0.8959941267967224,0.8033406734466553,proxy_N1_ge2,com_dipl
1970,gcn,25,0.9017935395240784,0.803157389163971,proxy_N1_ge2,com_dipl
1970,gcn,26,0.9013716578483582,0.8031330108642578,proxy_N1_ge2,com_dipl
1970,gcn,27,0.9086617231369019,0.8032364845275879,proxy_N1_ge2,com_dipl
1970,gcn,28,0.8988663554191589,0.8032656311988831,proxy_N1_ge2,com_dipl
1970,gcn,29,0.8980225920677185,0.8034208416938782,proxy_N1_ge2,com_dipl
1970,gcn,30,0.9014784693717957,0.8036981225013733,proxy_N1_ge2,com_dipl
1970,gcn,31,0.9008009433746338,0.8038079738616943,proxy_N1_ge2,com_dipl
1970,gcn,32,0.9025429487228394,0.8038429021835327,proxy_N1_ge2,com_dipl
1970,gcn,33,0.906721293926239,0.8040469884872437,proxy_N1_ge2,com_dipl
1970,gcn,34,0.9038841128349304,0.8042808771133423,proxy_N1_ge2,com_dipl
1970,gcn,35,0.8999414443969727,0.8044058084487915,proxy_N1_ge2,com_dipl
1970,gcn,36,0.9016883373260498,0.8044779300689697,proxy_N1_ge2,com_dipl
1970,gcn,37,0.9048622846603394,0.8045281171798706,proxy_N1_ge2,com_dipl
1970,gcn,38,0.9025315046310425,0.8044314980506897,proxy_N1_ge2,com_dipl
1970,gcn,39,0.903400719165802,0.8042251467704773,proxy_N1_ge2,com_dipl
1970,gcn,40,0.9026617407798767,0.8042004108428955,proxy_N1_ge2,com_dipl
1970,gcn,41,0.9014683961868286,0.8043567538261414,proxy_N1_ge2,com_dipl
1970,gcn,42,0.9004194736480713,0.8045695424079895,proxy_N1_ge2,com_dipl
1970,gcn,43,0.8966947793960571,0.8046188950538635,proxy_N1_ge2,com_dipl
1970,gcn,44,0.9051079750061035,0.8048577308654785,proxy_N1_ge2,com_dipl
1970,gcn,45,0.9020970463752747,0.8050892949104309,proxy_N1_ge2,com_dipl
1970,gcn,46,0.9025000929832458,0.8053444623947144,proxy_N1_ge2,com_dipl
1970,gcn,47,0.9008866548538208,0.805420994758606,proxy_N1_ge2,com_dipl
1970,gcn,48,0.9041073322296143,0.8055696487426758,proxy_N1_ge2,com_dipl
1970,gcn,49,0.9027745723724365,0.805655837059021,proxy_N1_ge2,com_dipl
1970,gcn,50,0.9032912254333496,0.8057197332382202,proxy_N1_ge2,com_dipl
1970,gcn,51,0.9065808653831482,0.8059281706809998,proxy_N1_ge2,com_dipl
2000,gcn,0,0.9894567131996155,0.9293182492256165,proxy_N1_ge2,com_dipl
2000,gcn,1,0.989012598991394,0.9291324615478516,proxy_N1_ge2,com_dipl
2000,gcn,2,0.9871768951416016,0.9286998510360718,proxy_N1_ge2,com_dipl
2000,gcn,3,0.9852065443992615,0.9282106757164001,proxy_N1_ge2,com_dipl
2000,gcn,4,0.9896320700645447,0.9272547364234924,proxy_N1_ge2,com_dipl
2000,gcn,5,0.9830871820449829,0.9257360100746155,proxy_N1_ge2,com_dipl
2000,gcn,6,0.9874059557914734,0.9244956374168396,proxy_N1_ge2,com_dipl
2000,gcn,7,0.9864317774772644,0.9235851764678955,proxy_N1_ge2,com_dipl
2000,gcn,8,0.9897071719169617,0.9233337640762329,proxy_N1_ge2,com_dipl
2000,gcn,9,0.9888726472854614,0.9231780767440796,proxy_N1_ge2,com_dipl
2000,gcn,10,0.9906558394432068,0.9233154058456421,proxy_N1_ge2,com_dipl
2000,gcn,11,0.9883226156234741,0.9237743616104126,proxy_N1_ge2,com_dipl
2000,gcn,12,0.9903221726417542,0.9244195818901062,proxy_N1_ge2,com_dipl
2000,gcn,13,0.9913687705993652,0.9252858757972717,proxy_N1_ge2,com_dipl
2000,gcn,14,0.9890061020851135,0.9263295531272888,proxy_N1_ge2,com_dipl
2000,gcn,15,0.9868002533912659,0.9272263050079346,proxy_N1_ge2,com_dipl
2000,gcn,16,0.9789111018180847,0.9275917410850525,proxy_N1_ge2,com_dipl
2000,gcn,17,0.9858505129814148,0.9277400970458984,proxy_N1_ge2,com_dipl
2000,gcn,18,0.9854507446289062,0.9277057647705078,proxy_N1_ge2,com_dipl
2000,gcn,19,0.989391565322876,0.9276089072227478,proxy_N1_ge2,com_dipl
2000,gcn,20,0.9895020127296448,0.9274635314941406,proxy_N1_ge2,com_dipl
2000,gcn,21,0.9876365065574646,0.9272962212562561,proxy_N1_ge2,com_dipl
2000,gcn,22,0.9840717315673828,0.9270010590553284,proxy_N1_ge2,com_dipl
2000,gcn,23,0.9859404563903809,0.9267141222953796,proxy_N1_ge2,com_dipl
2000,gcn,24,0.9892024993896484,0.9264077544212341,proxy_N1_ge2,com_dipl
2000,gcn,25,0.9877752661705017,0.9260930418968201,proxy_N1_ge2,com_dipl
2000,gcn,26,0.9857228398323059,0.9257048964500427,proxy_N1_ge2,com_dipl
2000,gcn,27,0.987196147441864,0.9252240657806396,proxy_N1_ge2,com_dipl
2000,gcn,28,0.986366331577301,0.9247799515724182,proxy_N1_ge2,com_dipl
2000,gcn,29,0.9899142980575562,0.9244590997695923,proxy_N1_ge2,com_dipl
2000,gcn,30,0.985527753829956,0.9239860773086548,proxy_N1_ge2,com_dipl
2000,gcn,31,0.9884258508682251,0.9237161874771118,proxy_N1_ge2,com_dipl
2000,gcn,32,0.9887669086456299,0.9236018657684326,proxy_N1_ge2,com_dipl
2000,gcn,33,0.9918332099914551,0.9237105846405029,proxy_N1_ge2,com_dipl
2000,gcn,34,0.9899263978004456,0.9239342212677002,proxy_N1_ge2,com_dipl
2000,gcn,35,0.9871680736541748,0.9241666197776794,proxy_N1_ge2,com_dipl
2000,gcn,36,0.9869727492332458,0.9244268536567688,proxy_N1_ge2,com_dipl
2000,gcn,37,0.9875981211662292,0.9246890544891357,proxy_N1_ge2,com_dipl
2000,gcn,38,0.9878456592559814,0.9249685406684875,proxy_N1_ge2,com_dipl
2000,gcn,39,0.9864146113395691,0.9251859784126282,proxy_N1_ge2,com_dipl
1970,gat,0,0.9158633947372437,0.8284400701522827,proxy_N1_ge2,com_dipl
1970,gat,1,0.8976214528083801,0.824947714805603,proxy_N1_ge2,com_dipl
1970,gat,2,0.9010727405548096,0.822249174118042,proxy_N1_ge2,com_dipl
1970,gat,3,0.9024112224578857,0.818120002746582,proxy_N1_ge2,com_dipl
1970,gat,4,0.9093671441078186,0.8144497275352478,proxy_N1_ge2,com_dipl
1970,gat,5,0.9092140793800354,0.811415433883667,proxy_N1_ge2,com_dipl
1970,gat,6,0.8972102999687195,0.8079268336296082,proxy_N1_ge2,com_dipl
1970,gat,7,0.905750036239624,0.8050301671028137,proxy_N1_ge2,com_dipl
1970,gat,8,0.9075010418891907,0.8027129173278809,proxy_N1_ge2,com_dipl
1970,gat,9,0.9039494395256042,0.8008561730384827,proxy_N1_ge2,com_dipl
1970,gat,10,0.8954187035560608,0.7988044619560242,proxy_N1_ge2,com_dipl
1970,gat,11,0.910152018070221,0.7981082201004028,proxy_N1_ge2,com_dipl
1970,gat,12,0.9016019701957703,0.7976764440536499,proxy_N1_ge2,com_dipl
1970,gat,13,0.9032458662986755,0.7976910471916199,proxy_N1_ge2,com_dipl
1970,gat,14,0.8953973650932312,0.7975054979324341,proxy_N1_ge2,com_dipl
1970,gat,15,0.8931744694709778,0.7969315052032471,proxy_N1_ge2,com_dipl
1970,gat,16,0.9033201932907104,0.7966246604919434,proxy_N1_ge2,com_dipl
1970,gat,17,0.897384524345398,0.7962548136711121,proxy_N1_ge2,com_dipl
1970,gat,18,0.9085928201675415,0.7968146204948425,proxy_N1_ge2,com_dipl
1970,gat,19,0.9048581123352051,0.797725260257721,proxy_N1_ge2,com_dipl
1970,gat,20,0.9021371603012085,0.7986831665039062,proxy_N1_ge2,com_dipl
1970,gat,21,0.8995160460472107,0.7995725870132446,proxy_N1_ge2,com_dipl
1970,gat,22,0.8986077904701233,0.8005102872848511,proxy_N1_ge2,com_dipl
1970,gat,23,0.8993694186210632,0.8013765215873718,proxy_N1_ge2,com_dipl
1970,gat,24,0.8980974555015564,0.8020252585411072,proxy_N1_ge2,com_dipl
1970,gat,25,0.9103578925132751,0.8031049966812134,proxy_N1_ge2,com_dipl
1970,gat,26,0.9025903940200806,0.8040748238563538,proxy_N1_ge2,com_dipl
1970,gat,27,0.8991740345954895,0.8047771453857422,proxy_N1_ge2,com_dipl
1970,gat,28,0.9013975858688354,0.8053864240646362,proxy_N1_ge2,com_dipl
1970,gat,29,0.8973761796951294,0.8057591915130615,proxy_N1_ge2,com_dipl
1970,gat,30,0.9038671851158142,0.806195080280304,proxy_N1_ge2,com_dipl
1970,gat,31,0.8982863426208496,0.8063647747039795,proxy_N1_ge2,com_dipl
1970,gat,32,0.9034648537635803,0.8065916299819946,proxy_N1_ge2,com_dipl
1970,gat,33,0.899673342704773,0.8066836595535278,proxy_N1_ge2,com_dipl
1970,gat,34,0.9027566909790039,0.8068414330482483,proxy_N1_ge2,com_dipl
1970,gat,35,0.906252920627594,0.8072073459625244,proxy_N1_ge2,com_dipl
1970,gat,36,0.8982235789299011,0.8073822259902954,proxy_N1_ge2,com_dipl
1970,gat,37,0.8989096879959106,0.8074620962142944,proxy_N1_ge2,com_dipl
1970,gat,38,0.9061780571937561,0.8076412081718445,proxy_N1_ge2,com_dipl
1970,gat,39,0.9037402868270874,0.80781090259552,proxy_N1_ge2,com_dipl
1970,gat,40,0.9001392126083374,0.8078556060791016,proxy_N1_ge2,com_dipl
1970,gat,41,0.9003865122795105,0.807839035987854,proxy_N1_ge2,com_dipl
1970,gat,42,0.8961273431777954,0.8076225519180298,proxy_N1_ge2,com_dipl
1970,gat,43,0.8968033194541931,0.8071801662445068,proxy_N1_ge2,com_dipl
1970,gat,44,0.904529869556427,0.8068922162055969,proxy_N1_ge2,com_dipl
1970,gat,45,0.9027592539787292,0.8068462610244751,proxy_N1_ge2,com_dipl
1970,gat,46,0.8996409177780151,0.8067067265510559,proxy_N1_ge2,com_dipl
1970,gat,47,0.904144287109375,0.8067266941070557,proxy_N1_ge2,com_dipl
2000,gat,0,0.9946442246437073,0.9327003359794617,proxy_N1_ge2,com_dipl
2000,gat,1,1.001052737236023,0.9304187297821045,proxy_N1_ge2,com_dipl
2000,gat,2,0.9937446117401123,0.9285709261894226,proxy_N1_ge2,com_dipl
2000,gat,3,0.9884936213493347,0.927794873714447,proxy_N1_ge2,com_dipl
2000,gat,4,0.9846847653388977,0.9269301891326904,proxy_N1_ge2,com_dipl
2000,gat,5,0.9861658811569214,0.9262218475341797,proxy_N1_ge2,com_dipl
2000,gat,6,0.9832655787467957,0.9256799221038818,proxy_N1_ge2,com_dipl
2000,gat,7,0.9863231182098389,0.9249798059463501,proxy_N1_ge2,com_dipl
2000,gat,8,0.9922884106636047,0.9248344898223877,proxy_N1_ge2,com_dipl
2000,gat,9,0.9785658717155457,0.9243648648262024,proxy_N1_ge2,com_dipl
2000,gat,10,0.9986447095870972,0.924104630947113,proxy_N1_ge2,com_dipl
2000,gat,11,0.9840652346611023,0.9236926436424255,proxy_N1_ge2,com_dipl
2000,gat,12,0.9911279678344727,0.9234760403633118,proxy_N1_ge2,com_dipl
2000,gat,13,0.9784253835678101,0.9232011437416077,proxy_N1_ge2,com_dipl
2000,gat,14,0.9868687391281128,0.9232012033462524,proxy_N1_ge2,com_dipl
2000,gat,15,0.9874487519264221,0.923197329044342,proxy_N1_ge2,com_dipl
2000,gat,16,0.9908906817436218,0.9234142303466797,proxy_N1_ge2,com_dipl
2000,gat,17,0.9809722304344177,0.9234494566917419,proxy_N1_ge2,com_dipl
2000,gat,18,0.9841060638427734,0.9235595464706421,proxy_N1_ge2,com_dipl
2000,gat,19,0.980861246585846,0.9234918355941772,proxy_N1_ge2,com_dipl
2000,gat,20,0.9862516522407532,0.9235212802886963,proxy_N1_ge2,com_dipl
2000,gat,21,0.986607015132904,0.9234325289726257,proxy_N1_ge2,com_dipl
2000,gat,22,0.9789775013923645,0.9232174158096313,proxy_N1_ge2,com_dipl
2000,gat,23,0.9824576377868652,0.9230795502662659,proxy_N1_ge2,com_dipl
2000,gat,24,0.9921275973320007,0.9229821562767029,proxy_N1_ge2,com_dipl
2000,gat,25,0.9906865358352661,0.9230892658233643,proxy_N1_ge2,com_dipl
2000,gat,26,0.9869729280471802,0.9233407974243164,proxy_N1_ge2,com_dipl
2000,gat,27,0.987867534160614,0.9236937165260315,proxy_N1_ge2,com_dipl
2000,gat,28,0.9977989792823792,0.9242201447486877,proxy_N1_ge2,com_dipl
2000,gat,29,0.9895467758178711,0.9246227741241455,proxy_N1_ge2,com_dipl
2000,gat,30,0.9887728691101074,0.925082266330719,proxy_N1_ge2,com_dipl
2000,gat,31,0.9855306148529053,0.925580620765686,proxy_N1_ge2,com_dipl
2000,gat,32,0.9839186668395996,0.9260377287864685,proxy_N1_ge2,com_dipl
2000,gat,33,0.9861831665039062,0.9263224005699158,proxy_N1_ge2,com_dipl
2000,gat,34,0.991732120513916,0.9266006350517273,proxy_N1_ge2,com_dipl
2000,gat,35,0.9921698570251465,0.926691472530365,proxy_N1_ge2,com_dipl
2000,gat,36,0.9824933409690857,0.9267333745956421,proxy_N1_ge2,com_dipl
2000,gat,37,0.9850947260856628,0.9266067147254944,proxy_N1_ge2,com_dipl
2000,gat,38,0.9833386540412903,0.9264416098594666,proxy_N1_ge2,com_dipl
2000,gat,39,0.9810344576835632,0.9261722564697266,proxy_N1_ge2,com_dipl
2000,gat,40,0.9859554171562195,0.9259774684906006,proxy_N1_ge2,com_dipl
2000,gat,41,0.9874152541160583,0.9256154894828796,proxy_N1_ge2,com_dipl
2000,gat,42,0.9879209995269775,0.9252817630767822,proxy_N1_ge2,com_dipl
2000,gat,43,0.990983784198761,0.9251462817192078,proxy_N1_ge2,com_dipl
2000,gat,44,0.9852777123451233,0.9250392913818359,proxy_N1_ge2,com_dipl
2000,gat,45,0.9797084331512451,0.9247812032699585,proxy_N1_ge2,com_dipl
2000,gat,46,0.9883928894996643,0.9246580600738525,proxy_N1_ge2,com_dipl
2000,gat,47,0.9872177243232727,0.9247352480888367,proxy_N1_ge2,com_dipl
2000,gat,48,0.9826894998550415,0.9248321056365967,proxy_N1_ge2,com_dipl
2000,gat,49,0.9851133823394775,0.9249534606933594,proxy_N1_ge2,com_dipl
2000,gat,50,0.9798382520675659,0.9249471426010132,proxy_N1_ge2,com_dipl
2000,gat,51,0.9846035242080688,0.9248328804969788,proxy_N1_ge2,com_dipl
2000,gat,52,0.9850068092346191,0.9247274994850159,proxy_N1_ge2,com_dipl
2000,gat,53,0.9863191843032837,0.9246944189071655,proxy_N1_ge2,com_dipl
2000,gat,54,0.9877326488494873,0.924642026424408,proxy_N1_ge2,com_dipl
1970,gcn,0,1.0394611358642578,1.0304399728775024,war_N1_ge2,com_dipl
1970,gcn,1,1.0283923149108887,1.0303276777267456,war_N1_ge2,com_dipl
1970,gcn,2,1.0356032848358154,1.0299241542816162,war_N1_ge2,com_dipl
1970,gcn,3,1.0235681533813477,1.0298819541931152,war_N1_ge2,com_dipl
1970,gcn,4,1.0295330286026,1.0298435688018799,war_N1_ge2,com_dipl
1970,gcn,5,1.0272302627563477,1.0297627449035645,war_N1_ge2,com_dipl
1970,gcn,6,1.0291450023651123,1.0295385122299194,war_N1_ge2,com_dipl
1970,gcn,7,1.0330685377120972,1.0294795036315918,war_N1_ge2,com_dipl
1970,gcn,8,1.0437432527542114,1.029470682144165,war_N1_ge2,com_dipl
1970,gcn,9,1.0413737297058105,1.0294753313064575,war_N1_ge2,com_dipl
1970,gcn,10,1.0452240705490112,1.0294244289398193,war_N1_ge2,com_dipl
1970,gcn,11,1.0366954803466797,1.029364824295044,war_N1_ge2,com_dipl
1970,gcn,12,1.0323373079299927,1.029355525970459,war_N1_ge2,com_dipl
1970,gcn,13,1.0363792181015015,1.0293569564819336,war_N1_ge2,com_dipl
1970,gcn,14,1.030645728111267,1.0293409824371338,war_N1_ge2,com_dipl
1970,gcn,15,1.0432724952697754,1.0293192863464355,war_N1_ge2,com_dipl
1970,gcn,16,1.0285989046096802,1.0292975902557373,war_N1_ge2,com_dipl
1970,gcn,17,1.031540036201477,1.029282569885254,war_N1_ge2,com_dipl
1970,gcn,18,1.0232094526290894,1.0292673110961914,war_N1_ge2,com_dipl
1970,gcn,19,1.0378351211547852,1.0292463302612305,war_N1_ge2,com_dipl
1970,gcn,20,1.0340615510940552,1.029222011566162,war_N1_ge2,com_dipl
1970,gcn,21,1.039954423904419,1.0292017459869385,war_N1_ge2,com_dipl
1970,gcn,22,1.0386037826538086,1.029189109802246,war_N1_ge2,com_dipl
1970,gcn,23,1.0226290225982666,1.029178500175476,war_N1_ge2,com_dipl
1970,gcn,24,1.0344258546829224,1.0291922092437744,war_N1_ge2,com_dipl
1970,gcn,25,1.0226614475250244,1.0292012691497803,war_N1_ge2,com_dipl
1970,gcn,26,1.0256439447402954,1.0291919708251953,war_N1_ge2,com_dipl
1970,gcn,27,1.0396450757980347,1.02919340133667,war_N1_ge2,com_dipl
1970,gcn,28,1.0295060873031616,1.0292032957077026,war_N1_ge2,com_dipl
1970,gcn,29,1.0278171300888062,1.0292145013809204,war_N1_ge2,com_dipl
1970,gcn,30,1.0254981517791748,1.0292460918426514,war_N1_ge2,com_dipl
1970,gcn,31,1.0282084941864014,1.0293288230895996,war_N1_ge2,com_dipl
1970,gcn,32,1.0400527715682983,1.0294291973114014,war_N1_ge2,com_dipl
1970,gcn,33,1.0511388778686523,1.029520869255066,war_N1_ge2,com_dipl
1970,gcn,34,1.0417252779006958,1.0295414924621582,war_N1_ge2,com_dipl
1970,gcn,35,1.0352153778076172,1.0295296907424927,war_N1_ge2,com_dipl
1970,gcn,36,1.0341970920562744,1.0295130014419556,war_N1_ge2,com_dipl
1970,gcn,37,1.0376017093658447,1.0294957160949707,war_N1_ge2,com_dipl
1970,gcn,38,1.032586932182312,1.029483437538147,war_N1_ge2,com_dipl
1970,gcn,39,1.0308551788330078,1.029472827911377,war_N1_ge2,com_dipl
1970,gcn,40,1.034471035003662,1.0294599533081055,war_N1_ge2,com_dipl
1970,gcn,41,1.0362389087677002,1.029447078704834,war_N1_ge2,com_dipl
1970,gcn,42,1.0332916975021362,1.029433250427246,war_N1_ge2,com_dipl
1970,gcn,43,1.0274606943130493,1.0294125080108643,war_N1_ge2,com_dipl
1970,gcn,44,1.0392060279846191,1.02940034866333,war_N1_ge2,com_dipl
1970,gcn,45,1.0322526693344116,1.0293827056884766,war_N1_ge2,com_dipl
1970,gcn,46,1.0245647430419922,1.0293623208999634,war_N1_ge2,com_dipl
1970,gcn,47,1.0239201784133911,1.0293338298797607,war_N1_ge2,com_dipl
1970,gcn,48,1.038751244544983,1.029306173324585,war_N1_ge2,com_dipl
1970,gcn,49,1.0277667045593262,1.0292835235595703,war_N1_ge2,com_dipl
1970,gcn,50,1.0344678163528442,1.0292590856552124,war_N1_ge2,com_dipl
1970,gcn,51,1.04153573513031,1.0292469263076782,war_N1_ge2,com_dipl
1970,gcn,52,1.0363579988479614,1.029238224029541,war_N1_ge2,com_dipl
1970,gcn,53,1.039775013923645,1.0292341709136963,war_N1_ge2,com_dipl
2000,gcn,0,1.0668357610702515,0.9201287627220154,war_N1_ge2,com_dipl
2000,gcn,1,1.0763497352600098,0.9205812215805054,war_N1_ge2,com_dipl
2000,gcn,2,1.075082778930664,0.9214263558387756,war_N1_ge2,com_dipl
2000,gcn,3,1.0680652856826782,0.9223253726959229,war_N1_ge2,com_dipl
2000,gcn,4,1.064895510673523,0.9215570688247681,war_N1_ge2,com_dipl
2000,gcn,5,1.0623927116394043,0.9200230240821838,war_N1_ge2,com_dipl
2000,gcn,6,1.0709004402160645,0.9185733795166016,war_N1_ge2,com_dipl
2000,gcn,7,1.0638728141784668,0.9166796207427979,war_N1_ge2,com_dipl
2000,gcn,8,1.057174801826477,0.9145651459693909,war_N1_ge2,com_dipl
2000,gcn,9,1.0654823780059814,0.9126195311546326,war_N1_ge2,com_dipl
2000,gcn,10,1.070664644241333,0.9112279415130615,war_N1_ge2,com_dipl
2000,gcn,11,1.0669467449188232,0.9101724028587341,war_N1_ge2,com_dipl
2000,gcn,12,1.0705968141555786,0.9098438024520874,war_N1_ge2,com_dipl
2000,gcn,13,1.0729985237121582,0.9100062847137451,war_N1_ge2,com_dipl
2000,gcn,14,1.066453456878662,0.9102602601051331,war_N1_ge2,com_dipl
2000,gcn,15,1.0637428760528564,0.9105398058891296,war_N1_ge2,com_dipl
2000,gcn,16,1.0525449514389038,0.9103983044624329,war_N1_ge2,com_dipl
2000,gcn,17,1.0658915042877197,0.9103866219520569,war_N1_ge2,com_dipl
2000,gcn,18,1.0642280578613281,0.9105449914932251,war_N1_ge2,com_dipl
2000,gcn,19,1.069460391998291,0.9109141826629639,war_N1_ge2,com_dipl
2000,gcn,20,1.0753982067108154,0.9117294549942017,war_N1_ge2,com_dipl
2000,gcn,21,1.069059133529663,0.9125637412071228,war_N1_ge2,com_dipl
2000,gcn,22,1.0635991096496582,0.9132839441299438,war_N1_ge2,com_dipl
2000,gcn,23,1.0655137300491333,0.9140588641166687,war_N1_ge2,com_dipl
2000,gcn,24,1.0671714544296265,0.9147533178329468,war_N1_ge2,com_dipl
2000,gcn,25,1.0665606260299683,0.9153781533241272,war_N1_ge2,com_dipl
2000,gcn,26,1.0670008659362793,0.9159462451934814,war_N1_ge2,com_dipl
2000,gcn,27,1.060390591621399,0.9161607623100281,war_N1_ge2,com_dipl
2000,gcn,28,1.0639311075210571,0.9161345958709717,war_N1_ge2,com_dipl
2000,gcn,29,1.0679470300674438,0.9162006974220276,war_N1_ge2,com_dipl
2000,gcn,30,1.0668566226959229,0.9161964058876038,war_N1_ge2,com_dipl
2000,gcn,31,1.0709792375564575,0.9163000583648682,war_N1_ge2,com_dipl
2000,gcn,32,1.0677754878997803,0.9164894223213196,war_N1_ge2,com_dipl
2000,gcn,33,1.0661017894744873,0.9165696501731873,war_N1_ge2,com_dipl
2000,gcn,34,1.069920301437378,0.9167860150337219,war_N1_ge2,com_dipl
2000,gcn,35,1.0748783349990845,0.917178213596344,war_N1_ge2,com_dipl
2000,gcn,36,1.0711495876312256,0.9176847338676453,war_N1_ge2,com_dipl
2000,gcn,37,1.07106351852417,0.9181409478187561,war_N1_ge2,com_dipl
2000,gcn,38,1.0658445358276367,0.9183788895606995,war_N1_ge2,com_dipl
2000,gcn,39,1.0737042427062988,0.9187442660331726,war_N1_ge2,com_dipl
2000,gcn,40,1.0691168308258057,0.919074296951294,war_N1_ge2,com_dipl
2000,gcn,41,1.0685749053955078,0.9193010330200195,war_N1_ge2,com_dipl
2000,gcn,42,1.0679726600646973,0.919360339641571,war_N1_ge2,com_dipl
1970,gat,0,1.0429545640945435,1.0321240425109863,war_N1_ge2,com_dipl
1970,gat,1,1.0358210802078247,1.031745433807373,war_N1_ge2,com_dipl
1970,gat,2,1.0382617712020874,1.031558871269226,war_N1_ge2,com_dipl
1970,gat,3,1.041358470916748,1.0310375690460205,war_N1_ge2,com_dipl
1970,gat,4,1.0395346879959106,1.0305545330047607,war_N1_ge2,com_dipl
1970,gat,5,1.0430350303649902,1.0302077531814575,war_N1_ge2,com_dipl
1970,gat,6,1.0432155132293701,1.0299651622772217,war_N1_ge2,com_dipl
1970,gat,7,1.0362019538879395,1.0297940969467163,war_N1_ge2,com_dipl
1970,gat,8,1.0299675464630127,1.029621958732605,war_N1_ge2,com_dipl
1970,gat,9,1.033349871635437,1.0294787883758545,war_N1_ge2,com_dipl
1970,gat,10,1.0299456119537354,1.029374122619629,war_N1_ge2,com_dipl
1970,gat,11,1.0465737581253052,1.02945077419281,war_N1_ge2,com_dipl
1970,gat,12,1.0383142232894897,1.029466152191162,war_N1_ge2,com_dipl
1970,gat,13,1.0446715354919434,1.0294007062911987,war_N1_ge2,com_dipl
1970,gat,14,1.0330404043197632,1.0293750762939453,war_N1_ge2,com_dipl
1970,gat,15,1.0225491523742676,1.0293879508972168,war_N1_ge2,com_dipl
1970,gat,16,1.0229582786560059,1.029420018196106,war_N1_ge2,com_dipl
1970,gat,17,1.035569429397583,1.0294411182403564,war_N1_ge2,com_dipl
1970,gat,18,1.0357129573822021,1.0294346809387207,war_N1_ge2,com_dipl
1970,gat,19,1.0401772260665894,1.0294064283370972,war_N1_ge2,com_dipl
1970,gat,20,1.038515329360962,1.029360055923462,war_N1_ge2,com_dipl
1970,gat,21,1.0246706008911133,1.0293779373168945,war_N1_ge2,com_dipl
1970,gat,22,1.0322582721710205,1.029430866241455,war_N1_ge2,com_dipl
1970,gat,23,1.027868628501892,1.0294405221939087,war_N1_ge2,com_dipl
1970,gat,24,1.0241435766220093,1.0294749736785889,war_N1_ge2,com_dipl
1970,gat,25,1.0359236001968384,1.0294690132141113,war_N1_ge2,com_dipl
1970,gat,26,1.0266190767288208,1.0294935703277588,war_N1_ge2,com_dipl
1970,gat,27,1.024417757987976,1.0295119285583496,war_N1_ge2,com_dipl
1970,gat,28,1.0351533889770508,1.0295464992523193,war_N1_ge2,com_dipl
1970,gat,29,1.02947199344635,1.0295767784118652,war_N1_ge2,com_dipl
1970,gat,30,1.0406522750854492,1.0295557975769043,war_N1_ge2,com_dipl
1970,gat,31,1.0263910293579102,1.0295578241348267,war_N1_ge2,com_dipl
1970,gat,32,1.0431405305862427,1.029526948928833,war_N1_ge2,com_dipl
1970,gat,33,1.0216768980026245,1.029517650604248,war_N1_ge2,com_dipl
1970,gat,34,1.029948353767395,1.0295085906982422,war_N1_ge2,com_dipl
1970,gat,35,1.0439199209213257,1.0294731855392456,war_N1_ge2,com_dipl
1970,gat,36,1.0240485668182373,1.0294365882873535,war_N1_ge2,com_dipl
1970,gat,37,1.031317114830017,1.0294108390808105,war_N1_ge2,com_dipl
1970,gat,38,1.0402952432632446,1.0293768644332886,war_N1_ge2,com_dipl
1970,gat,39,1.0341262817382812,1.0293591022491455,war_N1_ge2,com_dipl
1970,gat,40,1.0267335176467896,1.029350996017456,war_N1_ge2,com_dipl
1970,gat,41,1.0350438356399536,1.0293430089950562,war_N1_ge2,com_dipl
1970,gat,42,1.041869878768921,1.0293335914611816,war_N1_ge2,com_dipl
1970,gat,43,1.0368716716766357,1.029348611831665,war_N1_ge2,com_dipl
1970,gat,44,1.0388092994689941,1.029378890991211,war_N1_ge2,com_dipl
1970,gat,45,1.041351556777954,1.0294002294540405,war_N1_ge2,com_dipl
1970,gat,46,1.0392343997955322,1.0294291973114014,war_N1_ge2,com_dipl
1970,gat,47,1.0366919040679932,1.0294523239135742,war_N1_ge2,com_dipl
1970,gat,48,1.0311412811279297,1.0294970273971558,war_N1_ge2,com_dipl
1970,gat,49,1.0356450080871582,1.0295405387878418,war_N1_ge2,com_dipl
1970,gat,50,1.041693091392517,1.0295668840408325,war_N1_ge2,com_dipl
1970,gat,51,1.0351499319076538,1.0295884609222412,war_N1_ge2,com_dipl
1970,gat,52,1.0401967763900757,1.0296076536178589,war_N1_ge2,com_dipl
1970,gat,53,1.0363337993621826,1.0296311378479004,war_N1_ge2,com_dipl
1970,gat,54,1.0256415605545044,1.0296235084533691,war_N1_ge2,com_dipl
1970,gat,55,1.0297396183013916,1.0295990705490112,war_N1_ge2,com_dipl
1970,gat,56,1.0349887609481812,1.029563546180725,war_N1_ge2,com_dipl
1970,gat,57,1.0300272703170776,1.0295166969299316,war_N1_ge2,com_dipl
1970,gat,58,1.0294170379638672,1.029462218284607,war_N1_ge2,com_dipl
1970,gat,59,1.0419933795928955,1.029420018196106,war_N1_ge2,com_dipl
1970,gat,60,1.0340455770492554,1.0293818712234497,war_N1_ge2,com_dipl
1970,gat,61,1.03090238571167,1.0293455123901367,war_N1_ge2,com_dipl
1970,gat,62,1.0298199653625488,1.029295563697815,war_N1_ge2,com_dipl
1970,gat,63,1.0364046096801758,1.0292456150054932,war_N1_ge2,com_dipl
1970,gat,64,1.0338798761367798,1.0291980504989624,war_N1_ge2,com_dipl
1970,gat,65,1.0415980815887451,1.02915620803833,war_N1_ge2,com_dipl
1970,gat,66,1.0372153520584106,1.0291236639022827,war_N1_ge2,com_dipl
1970,gat,67,1.0284839868545532,1.0290921926498413,war_N1_ge2,com_dipl
1970,gat,68,1.0317319631576538,1.029067873954773,war_N1_ge2,com_dipl
1970,gat,69,1.0421854257583618,1.0290483236312866,war_N1_ge2,com_dipl
1970,gat,70,1.035697340965271,1.029036283493042,war_N1_ge2,com_dipl
1970,gat,71,1.0381340980529785,1.0290237665176392,war_N1_ge2,com_dipl
1970,gat,72,1.0312849283218384,1.0290088653564453,war_N1_ge2,com_dipl
1970,gat,73,1.0326651334762573,1.0289931297302246,war_N1_ge2,com_dipl
1970,gat,74,1.0331944227218628,1.0289779901504517,war_N1_ge2,com_dipl
1970,gat,75,1.0361337661743164,1.0289610624313354,war_N1_ge2,com_dipl
1970,gat,76,1.0359973907470703,1.028950810432434,war_N1_ge2,com_dipl
1970,gat,77,1.0358811616897583,1.0289467573165894,war_N1_ge2,com_dipl
1970,gat,78,1.0393874645233154,1.0289443731307983,war_N1_ge2,com_dipl
1970,gat,79,1.0327357053756714,1.028945803642273,war_N1_ge2,com_dipl
1970,gat,80,1.0330718755722046,1.0289472341537476,war_N1_ge2,com_dipl
1970,gat,81,1.0340312719345093,1.0289467573165894,war_N1_ge2,com_dipl
1970,gat,82,1.0344998836517334,1.0289463996887207,war_N1_ge2,com_dipl
1970,gat,83,1.033377766609192,1.028944492340088,war_N1_ge2,com_dipl
1970,gat,84,1.0377668142318726,1.0289459228515625,war_N1_ge2,com_dipl
1970,gat,85,1.0369242429733276,1.028947114944458,war_N1_ge2,com_dipl
1970,gat,86,1.0384960174560547,1.0289530754089355,war_N1_ge2,com_dipl
1970,gat,87,1.0353554487228394,1.0289578437805176,war_N1_ge2,com_dipl
1970,gat,88,1.0379389524459839,1.0289671421051025,war_N1_ge2,com_dipl
1970,gat,89,1.03736412525177,1.0289771556854248,war_N1_ge2,com_dipl
1970,gat,90,1.03765869140625,1.0289868116378784,war_N1_ge2,com_dipl
1970,gat,91,1.0332427024841309,1.0289931297302246,war_N1_ge2,com_dipl
1970,gat,92,1.033990502357483,1.0289965867996216,war_N1_ge2,com_dipl
1970,gat,93,1.033724308013916,1.0289967060089111,war_N1_ge2,com_dipl
1970,gat,94,1.0309611558914185,1.0289921760559082,war_N1_ge2,com_dipl
1970,gat,95,1.0337953567504883,1.0289859771728516,war_N1_ge2,com_dipl
1970,gat,96,1.0401310920715332,1.028983235359192,war_N1_ge2,com_dipl
1970,gat,97,1.0314682722091675,1.028978943824768,war_N1_ge2,com_dipl
1970,gat,98,1.03607177734375,1.028973937034607,war_N1_ge2,com_dipl
1970,gat,99,1.0308308601379395,1.0289665460586548,war_N1_ge2,com_dipl
1970,gat,100,1.0347585678100586,1.028957486152649,war_N1_ge2,com_dipl
1970,gat,101,1.030775785446167,1.0289450883865356,war_N1_ge2,com_dipl
1970,gat,102,1.0356500148773193,1.0289326906204224,war_N1_ge2,com_dipl
1970,gat,103,1.0327228307724,1.0289201736450195,war_N1_ge2,com_dipl
1970,gat,104,1.035414695739746,1.0289099216461182,war_N1_ge2,com_dipl
1970,gat,105,1.0356738567352295,1.028902292251587,war_N1_ge2,com_dipl
1970,gat,106,1.0336672067642212,1.0288957357406616,war_N1_ge2,com_dipl
1970,gat,107,1.0361719131469727,1.0288903713226318,war_N1_ge2,com_dipl
1970,gat,108,1.0337916612625122,1.028884768486023,war_N1_ge2,com_dipl
1970,gat,109,1.0318728685379028,1.0288779735565186,war_N1_ge2,com_dipl
1970,gat,110,1.0370593070983887,1.0288734436035156,war_N1_ge2,com_dipl
1970,gat,111,1.035046100616455,1.0288703441619873,war_N1_ge2,com_dipl
1970,gat,112,1.035197138786316,1.028868556022644,war_N1_ge2,com_dipl
1970,gat,113,1.0332062244415283,1.0288670063018799,war_N1_ge2,com_dipl
1970,gat,114,1.0329735279083252,1.0288652181625366,war_N1_ge2,com_dipl
1970,gat,115,1.0342575311660767,1.028863787651062,war_N1_ge2,com_dipl
1970,gat,116,1.0335794687271118,1.0288631916046143,war_N1_ge2,com_dipl
1970,gat,117,1.0353776216506958,1.0288634300231934,war_N1_ge2,com_dipl
1970,gat,118,1.0359115600585938,1.0288646221160889,war_N1_ge2,com_dipl
1970,gat,119,1.0348941087722778,1.0288667678833008,war_N1_ge2,com_dipl
1970,gat,120,1.0339120626449585,1.0288689136505127,war_N1_ge2,com_dipl
1970,gat,121,1.0354360342025757,1.0288721323013306,war_N1_ge2,com_dipl
1970,gat,122,1.0335317850112915,1.028875470161438,war_N1_ge2,com_dipl
1970,gat,123,1.0322357416152954,1.0288777351379395,war_N1_ge2,com_dipl
1970,gat,124,1.0368989706039429,1.0288822650909424,war_N1_ge2,com_dipl
1970,gat,125,1.0346792936325073,1.028887152671814,war_N1_ge2,com_dipl
1970,gat,126,1.0356595516204834,1.0288927555084229,war_N1_ge2,com_dipl
1970,gat,127,1.035318374633789,1.0288987159729004,war_N1_ge2,com_dipl
1970,gat,128,1.0328459739685059,1.0289030075073242,war_N1_ge2,com_dipl
1970,gat,129,1.034752607345581,1.0289067029953003,war_N1_ge2,com_dipl
1970,gat,130,1.0350605249404907,1.0289100408554077,war_N1_ge2,com_dipl
1970,gat,131,1.0381131172180176,1.0289157629013062,war_N1_ge2,com_dipl
1970,gat,132,1.032820224761963,1.0289194583892822,war_N1_ge2,com_dipl
1970,gat,133,1.0327215194702148,1.028921127319336,war_N1_ge2,com_dipl
1970,gat,134,1.0323842763900757,1.0289205312728882,war_N1_ge2,com_dipl
1970,gat,135,1.0358670949935913,1.0289207696914673,war_N1_ge2,com_dipl
1970,gat,136,1.0360163450241089,1.0289214849472046,war_N1_ge2,com_dipl
1970,gat,137,1.033544898033142,1.0289206504821777,war_N1_ge2,com_dipl
1970,gat,138,1.0344727039337158,1.0289199352264404,war_N1_ge2,com_dipl
1970,gat,139,1.0351710319519043,1.0289199352264404,war_N1_ge2,com_dipl
1970,gat,140,1.0347089767456055,1.0289186239242554,war_N1_ge2,com_dipl
1970,gat,141,1.0326920747756958,1.0289151668548584,war_N1_ge2,com_dipl
1970,gat,142,1.0373234748840332,1.028913974761963,war_N1_ge2,com_dipl
1970,gat,143,1.032381534576416,1.0289106369018555,war_N1_ge2,com_dipl
1970,gat,144,1.0338921546936035,1.028907299041748,war_N1_ge2,com_dipl
1970,gat,145,1.0333096981048584,1.0289028882980347,war_N1_ge2,com_dipl
2000,gat,0,1.080297827720642,0.9315851330757141,war_N1_ge2,com_dipl
2000,gat,1,1.0881575345993042,0.9291202425956726,war_N1_ge2,com_dipl
2000,gat,2,1.0763598680496216,0.9276984930038452,war_N1_ge2,com_dipl
2000,gat,3,1.0611772537231445,0.926283597946167,war_N1_ge2,com_dipl
2000,gat,4,1.0670714378356934,0.9240079522132874,war_N1_ge2,com_dipl
2000,gat,5,1.0560195446014404,0.9209819436073303,war_N1_ge2,com_dipl
2000,gat,6,1.0650588274002075,0.9183635711669922,war_N1_ge2,com_dipl
2000,gat,7,1.0683780908584595,0.9156642556190491,war_N1_ge2,com_dipl
2000,gat,8,1.0745476484298706,0.9135931134223938,war_N1_ge2,com_dipl
2000,gat,9,1.0621427297592163,0.9115831255912781,war_N1_ge2,com_dipl
2000,gat,10,1.0753321647644043,0.9093721508979797,war_N1_ge2,com_dipl
2000,gat,11,1.0717899799346924,0.9078525304794312,war_N1_ge2,com_dipl
2000,gat,12,1.06404447555542,0.9071101546287537,war_N1_ge2,com_dipl
2000,gat,13,1.0614347457885742,0.9064452648162842,war_N1_ge2,com_dipl
2000,gat,14,1.066125512123108,0.9059714674949646,war_N1_ge2,com_dipl
2000,gat,15,1.0752933025360107,0.905845582485199,war_N1_ge2,com_dipl
2000,gat,16,1.0718573331832886,0.9060965180397034,war_N1_ge2,com_dipl
2000,gat,17,1.0681774616241455,0.9064319133758545,war_N1_ge2,com_dipl
2000,gat,18,1.0624918937683105,0.9067935943603516,war_N1_ge2,com_dipl
2000,gat,19,1.0681740045547485,0.9073132872581482,war_N1_ge2,com_dipl
2000,gat,20,1.0717695951461792,0.9080198407173157,war_N1_ge2,com_dipl
2000,gat,21,1.0683563947677612,0.9088401794433594,war_N1_ge2,com_dipl
2000,gat,22,1.059221863746643,0.909494161605835,war_N1_ge2,com_dipl
2000,gat,23,1.0631914138793945,0.9099348187446594,war_N1_ge2,com_dipl
2000,gat,24,1.0688889026641846,0.9104299545288086,war_N1_ge2,com_dipl
2000,gat,25,1.0769634246826172,0.911304235458374,war_N1_ge2,com_dipl
2000,gat,26,1.0647825002670288,0.9120134115219116,war_N1_ge2,com_dipl
2000,gat,27,1.064894676208496,0.912615180015564,war_N1_ge2,com_dipl
2000,gat,28,1.0686378479003906,0.9132255911827087,war_N1_ge2,com_dipl
2000,gat,29,1.0636552572250366,0.9139684438705444,war_N1_ge2,com_dipl
2000,gat,30,1.073277473449707,0.914902925491333,war_N1_ge2,com_dipl
2000,gat,31,1.0686862468719482,0.9158639907836914,war_N1_ge2,com_dipl
2000,gat,32,1.0696192979812622,0.9167511463165283,war_N1_ge2,com_dipl
2000,gat,33,1.0687367916107178,0.9174889922142029,war_N1_ge2,com_dipl
2000,gat,34,1.0689934492111206,0.9180643558502197,war_N1_ge2,com_dipl
2000,gat,35,1.0652797222137451,0.918259859085083,war_N1_ge2,com_dipl
2000,gat,36,1.0656254291534424,0.9182498455047607,war_N1_ge2,com_dipl
2000,gat,37,1.0664541721343994,0.9180507659912109,war_N1_ge2,com_dipl
2000,gat,38,1.0676641464233398,0.917724609375,war_N1_ge2,com_dipl
2000,gat,39,1.058060646057129,0.9170923233032227,war_N1_ge2,com_dipl
2000,gat,40,1.070778727531433,0.9166856408119202,war_N1_ge2,com_dipl
2000,gat,41,1.0636712312698364,0.9161595702171326,war_N1_ge2,com_dipl
2000,gat,42,1.0677919387817383,0.9156144857406616,war_N1_ge2,com_dipl
2000,gat,43,1.0713437795639038,0.9153063297271729,war_N1_ge2,com_dipl
2000,gat,44,1.0705636739730835,0.9152122139930725,war_N1_ge2,com_dipl
2000,gat,45,1.0633907318115234,0.9151004552841187,war_N1_ge2,com_dipl
1970,gcn,0,0.9023521542549133,0.8264275193214417,proxy_N1_ge2,sem_dipl
1970,gcn,1,0.9059568047523499,0.8232247233390808,proxy_N1_ge2,sem_dipl
1970,gcn,2,0.902885377407074,0.8189501762390137,proxy_N1_ge2,sem_dipl
1970,gcn,3,0.9085417985916138,0.8165223598480225,proxy_N1_ge2,sem_dipl
1970,gcn,4,0.8966827392578125,0.8140640258789062,proxy_N1_ge2,sem_dipl
1970,gcn,5,0.9018479585647583,0.8123429417610168,proxy_N1_ge2,sem_dipl
1970,gcn,6,0.901580810546875,0.8105942606925964,proxy_N1_ge2,sem_dipl
1970,gcn,7,0.8959538340568542,0.8089216947555542,proxy_N1_ge2,sem_dipl
1970,gcn,8,0.9056056141853333,0.8073630332946777,proxy_N1_ge2,sem_dipl
1970,gcn,9,0.9017776846885681,0.8058181405067444,proxy_N1_ge2,sem_dipl
1970,gcn,10,0.9017696976661682,0.8043911457061768,proxy_N1_ge2,sem_dipl
1970,gcn,11,0.9036134481430054,0.8032048940658569,proxy_N1_ge2,sem_dipl
1970,gcn,12,0.9061808586120605,0.8026275634765625,proxy_N1_ge2,sem_dipl
1970,gcn,13,0.904144287109375,0.8021165132522583,proxy_N1_ge2,sem_dipl
1970,gcn,14,0.9055686593055725,0.8019583225250244,proxy_N1_ge2,sem_dipl
1970,gcn,15,0.9046926498413086,0.8021750450134277,proxy_N1_ge2,sem_dipl
1970,gcn,16,0.9020465016365051,0.8021177053451538,proxy_N1_ge2,sem_dipl
1970,gcn,17,0.9036500453948975,0.8020642995834351,proxy_N1_ge2,sem_dipl
1970,gcn,18,0.9063591361045837,0.8023014068603516,proxy_N1_ge2,sem_dipl
1970,gcn,19,0.907770574092865,0.8030438423156738,proxy_N1_ge2,sem_dipl
1970,gcn,20,0.9005352258682251,0.8035985231399536,proxy_N1_ge2,sem_dipl
1970,gcn,21,0.8999650478363037,0.8039790391921997,proxy_N1_ge2,sem_dipl
1970,gcn,22,0.8994545340538025,0.8044341802597046,proxy_N1_ge2,sem_dipl
1970,gcn,23,0.9018988013267517,0.8046903014183044,proxy_N1_ge2,sem_dipl
1970,gcn,24,0.9079093337059021,0.8052550554275513,proxy_N1_ge2,sem_dipl
1970,gcn,25,0.8942333459854126,0.8056583404541016,proxy_N1_ge2,sem_dipl
1970,gcn,26,0.9046474695205688,0.8062636852264404,proxy_N1_ge2,sem_dipl
1970,gcn,27,0.8998749852180481,0.8067381381988525,proxy_N1_ge2,sem_dipl
1970,gcn,28,0.9039046168327332,0.8070813417434692,proxy_N1_ge2,sem_dipl
1970,gcn,29,0.9008476734161377,0.80721515417099,proxy_N1_ge2,sem_dipl
1970,gcn,30,0.8998315930366516,0.8070473670959473,proxy_N1_ge2,sem_dipl
1970,gcn,31,0.9018716812133789,0.8067087531089783,proxy_N1_ge2,sem_dipl
1970,gcn,32,0.9053133726119995,0.8063483238220215,proxy_N1_ge2,sem_dipl
1970,gcn,33,0.9004864692687988,0.8058370351791382,proxy_N1_ge2,sem_dipl
1970,gcn,34,0.9028612375259399,0.8055366277694702,proxy_N1_ge2,sem_dipl
1970,gcn,35,0.8987566232681274,0.80528724193573,proxy_N1_ge2,sem_dipl
1970,gcn,36,0.9005966782569885,0.804979681968689,proxy_N1_ge2,sem_dipl
1970,gcn,37,0.9051615595817566,0.8048020601272583,proxy_N1_ge2,sem_dipl
1970,gcn,38,0.9044864773750305,0.8049894571304321,proxy_N1_ge2,sem_dipl
1970,gcn,39,0.9018898606300354,0.8051643967628479,proxy_N1_ge2,sem_dipl
1970,gcn,40,0.9051802158355713,0.8056127429008484,proxy_N1_ge2,sem_dipl
1970,gcn,41,0.9015992283821106,0.8063346147537231,proxy_N1_ge2,sem_dipl
1970,gcn,42,0.9011303186416626,0.806865930557251,proxy_N1_ge2,sem_dipl
1970,gcn,43,0.9045044183731079,0.8072359561920166,proxy_N1_ge2,sem_dipl
1970,gcn,44,0.8999583721160889,0.8073277473449707,proxy_N1_ge2,sem_dipl
2000,gcn,0,0.9866796135902405,0.9372249841690063,proxy_N1_ge2,sem_dipl
2000,gcn,1,0.9917500019073486,0.9348430633544922,proxy_N1_ge2,sem_dipl
2000,gcn,2,0.9908830523490906,0.9325230121612549,proxy_N1_ge2,sem_dipl
2000,gcn,3,0.9882643222808838,0.9303302764892578,proxy_N1_ge2,sem_dipl
2000,gcn,4,0.9911844730377197,0.9290456175804138,proxy_N1_ge2,sem_dipl
2000,gcn,5,0.9918638467788696,0.9281777739524841,proxy_N1_ge2,sem_dipl
2000,gcn,6,0.9906856417655945,0.9274320602416992,proxy_N1_ge2,sem_dipl
2000,gcn,7,0.9943250417709351,0.9274176955223083,proxy_N1_ge2,sem_dipl
2000,gcn,8,0.9870761632919312,0.9273607730865479,proxy_N1_ge2,sem_dipl
2000,gcn,9,0.9877170324325562,0.9272976517677307,proxy_N1_ge2,sem_dipl
2000,gcn,10,0.9882514476776123,0.927227795124054,proxy_N1_ge2,sem_dipl
2000,gcn,11,0.9859707951545715,0.9272804260253906,proxy_N1_ge2,sem_dipl
2000,gcn,12,0.990009605884552,0.9272592663764954,proxy_N1_ge2,sem_dipl
2000,gcn,13,0.9862506985664368,0.9271658062934875,proxy_N1_ge2,sem_dipl
2000,gcn,14,0.9854239821434021,0.927088737487793,proxy_N1_ge2,sem_dipl
2000,gcn,15,0.9831875562667847,0.9269441366195679,proxy_N1_ge2,sem_dipl
2000,gcn,16,0.9852421283721924,0.9266965985298157,proxy_N1_ge2,sem_dipl
2000,gcn,17,0.9915483593940735,0.9263730645179749,proxy_N1_ge2,sem_dipl
2000,gcn,18,0.987054169178009,0.925922155380249,proxy_N1_ge2,sem_dipl
2000,gcn,19,0.9820214509963989,0.9253445267677307,proxy_N1_ge2,sem_dipl
2000,gcn,20,0.988710343837738,0.924879789352417,proxy_N1_ge2,sem_dipl
2000,gcn,21,0.9874604940414429,0.9245378375053406,proxy_N1_ge2,sem_dipl
2000,gcn,22,0.9856807589530945,0.9242272973060608,proxy_N1_ge2,sem_dipl
2000,gcn,23,0.9879125952720642,0.924077033996582,proxy_N1_ge2,sem_dipl
2000,gcn,24,0.986452579498291,0.9239860773086548,proxy_N1_ge2,sem_dipl
2000,gcn,25,0.9884243011474609,0.9239599704742432,proxy_N1_ge2,sem_dipl
2000,gcn,26,0.9877334237098694,0.9240608215332031,proxy_N1_ge2,sem_dipl
2000,gcn,27,0.9878559112548828,0.9241388440132141,proxy_N1_ge2,sem_dipl
2000,gcn,28,0.9837058186531067,0.9241514801979065,proxy_N1_ge2,sem_dipl
2000,gcn,29,0.9902684092521667,0.9242179989814758,proxy_N1_ge2,sem_dipl
2000,gcn,30,0.9868637323379517,0.924251914024353,proxy_N1_ge2,sem_dipl
2000,gcn,31,0.9844161868095398,0.924259603023529,proxy_N1_ge2,sem_dipl
2000,gcn,32,0.9941078424453735,0.9243453741073608,proxy_N1_ge2,sem_dipl
2000,gcn,33,0.9899245500564575,0.9245185256004333,proxy_N1_ge2,sem_dipl
2000,gcn,34,0.9918869733810425,0.9248864650726318,proxy_N1_ge2,sem_dipl
2000,gcn,35,0.9875717759132385,0.9251896142959595,proxy_N1_ge2,sem_dipl
2000,gcn,36,0.9829370975494385,0.9255428314208984,proxy_N1_ge2,sem_dipl
2000,gcn,37,0.9858829975128174,0.9257803559303284,proxy_N1_ge2,sem_dipl
2000,gcn,38,0.9868829846382141,0.9259085059165955,proxy_N1_ge2,sem_dipl
2000,gcn,39,0.9871568083763123,0.9260072708129883,proxy_N1_ge2,sem_dipl
2000,gcn,40,0.990598201751709,0.9262096881866455,proxy_N1_ge2,sem_dipl
2000,gcn,41,0.9842402935028076,0.9262491464614868,proxy_N1_ge2,sem_dipl
2000,gcn,42,0.9862391948699951,0.9262903332710266,proxy_N1_ge2,sem_dipl
2000,gcn,43,0.98455810546875,0.9262219071388245,proxy_N1_ge2,sem_dipl
2000,gcn,44,0.9862256050109863,0.9261894822120667,proxy_N1_ge2,sem_dipl
2000,gcn,45,0.9877354502677917,0.9262069463729858,proxy_N1_ge2,sem_dipl
2000,gcn,46,0.9891260266304016,0.9262806177139282,proxy_N1_ge2,sem_dipl
2000,gcn,47,0.9875075221061707,0.9263843297958374,proxy_N1_ge2,sem_dipl
2000,gcn,48,0.9878754615783691,0.9264583587646484,proxy_N1_ge2,sem_dipl
2000,gcn,49,0.9852132797241211,0.9264325499534607,proxy_N1_ge2,sem_dipl
2000,gcn,50,0.9898882508277893,0.9263763427734375,proxy_N1_ge2,sem_dipl
2000,gcn,51,0.9876595139503479,0.9262884259223938,proxy_N1_ge2,sem_dipl
2000,gcn,52,0.9897753000259399,0.9263132214546204,proxy_N1_ge2,sem_dipl
2000,gcn,53,0.9824776649475098,0.9262300729751587,proxy_N1_ge2,sem_dipl
2000,gcn,54,0.9845250248908997,0.9260730743408203,proxy_N1_ge2,sem_dipl
2000,gcn,55,0.9869866967201233,0.9258852005004883,proxy_N1_ge2,sem_dipl
1970,gat,0,0.9179936051368713,0.7652314901351929,proxy_N1_ge2,sem_dipl
1970,gat,1,0.9046552181243896,0.771114706993103,proxy_N1_ge2,sem_dipl
1970,gat,2,0.9100516438484192,0.774795413017273,proxy_N1_ge2,sem_dipl
1970,gat,3,0.9113833904266357,0.7780349850654602,proxy_N1_ge2,sem_dipl
1970,gat,4,0.898106575012207,0.7817585468292236,proxy_N1_ge2,sem_dipl
1970,gat,5,0.9031527042388916,0.7852364182472229,proxy_N1_ge2,sem_dipl
1970,gat,6,0.9033408164978027,0.789268970489502,proxy_N1_ge2,sem_dipl
1970,gat,7,0.8996744155883789,0.7936796545982361,proxy_N1_ge2,sem_dipl
1970,gat,8,0.9062269926071167,0.7971079349517822,proxy_N1_ge2,sem_dipl
1970,gat,9,0.9025431275367737,0.8000522255897522,proxy_N1_ge2,sem_dipl
1970,gat,10,0.9069315195083618,0.8017953634262085,proxy_N1_ge2,sem_dipl
1970,gat,11,0.9089599251747131,0.8030086755752563,proxy_N1_ge2,sem_dipl
1970,gat,12,0.9057754278182983,0.8038338422775269,proxy_N1_ge2,sem_dipl
1970,gat,13,0.895753026008606,0.8049991130828857,proxy_N1_ge2,sem_dipl
1970,gat,14,0.9065409898757935,0.805813193321228,proxy_N1_ge2,sem_dipl
1970,gat,15,0.8985713124275208,0.8063438534736633,proxy_N1_ge2,sem_dipl
1970,gat,16,0.8987284898757935,0.8065178990364075,proxy_N1_ge2,sem_dipl
1970,gat,17,0.8918765783309937,0.8071482181549072,proxy_N1_ge2,sem_dipl
1970,gat,18,0.9123473763465881,0.807104229927063,proxy_N1_ge2,sem_dipl
1970,gat,19,0.8899185061454773,0.8075026869773865,proxy_N1_ge2,sem_dipl
1970,gat,20,0.901739239692688,0.8079611659049988,proxy_N1_ge2,sem_dipl
1970,gat,21,0.8988902568817139,0.8083068132400513,proxy_N1_ge2,sem_dipl
1970,gat,22,0.9059970378875732,0.8084133863449097,proxy_N1_ge2,sem_dipl
1970,gat,23,0.9045533537864685,0.8084954619407654,proxy_N1_ge2,sem_dipl
1970,gat,24,0.8952549695968628,0.8087703585624695,proxy_N1_ge2,sem_dipl
1970,gat,25,0.906549870967865,0.8085309863090515,proxy_N1_ge2,sem_dipl
1970,gat,26,0.900310218334198,0.8081510663032532,proxy_N1_ge2,sem_dipl
1970,gat,27,0.8996509313583374,0.8077507019042969,proxy_N1_ge2,sem_dipl
1970,gat,28,0.8963708877563477,0.807359516620636,proxy_N1_ge2,sem_dipl
1970,gat,29,0.8988446593284607,0.8069911003112793,proxy_N1_ge2,sem_dipl
1970,gat,30,0.9068171381950378,0.8063570857048035,proxy_N1_ge2,sem_dipl
2000,gat,0,0.9929458498954773,0.9118587970733643,proxy_N1_ge2,sem_dipl
2000,gat,1,0.9954513907432556,0.9126816391944885,proxy_N1_ge2,sem_dipl
2000,gat,2,1.0011533498764038,0.9135969281196594,proxy_N1_ge2,sem_dipl
2000,gat,3,0.9881649613380432,0.9149067401885986,proxy_N1_ge2,sem_dipl
2000,gat,4,0.9841855764389038,0.9160551428794861,proxy_N1_ge2,sem_dipl
2000,gat,5,0.9896992444992065,0.917012631893158,proxy_N1_ge2,sem_dipl
2000,gat,6,0.999315083026886,0.9178826808929443,proxy_N1_ge2,sem_dipl
2000,gat,7,0.9860672950744629,0.9185256361961365,proxy_N1_ge2,sem_dipl
2000,gat,8,0.9892284274101257,0.9191499352455139,proxy_N1_ge2,sem_dipl
2000,gat,9,0.9924197793006897,0.9195510745048523,proxy_N1_ge2,sem_dipl
2000,gat,10,0.9798384308815002,0.9199327826499939,proxy_N1_ge2,sem_dipl
2000,gat,11,0.9844837188720703,0.9203863739967346,proxy_N1_ge2,sem_dipl
2000,gat,12,0.9866331219673157,0.9209492206573486,proxy_N1_ge2,sem_dipl
2000,gat,13,0.9937902092933655,0.9215800762176514,proxy_N1_ge2,sem_dipl
2000,gat,14,0.9903863668441772,0.9222824573516846,proxy_N1_ge2,sem_dipl
2000,gat,15,0.985697865486145,0.9227990508079529,proxy_N1_ge2,sem_dipl
2000,gat,16,0.9898093938827515,0.9233242273330688,proxy_N1_ge2,sem_dipl
2000,gat,17,0.9837080240249634,0.9237274527549744,proxy_N1_ge2,sem_dipl
2000,gat,18,0.9763706922531128,0.9242153167724609,proxy_N1_ge2,sem_dipl
2000,gat,19,0.9881219863891602,0.924633800983429,proxy_N1_ge2,sem_dipl
2000,gat,20,0.9849147796630859,0.9250105023384094,proxy_N1_ge2,sem_dipl
2000,gat,21,0.9899778962135315,0.9252974987030029,proxy_N1_ge2,sem_dipl
2000,gat,22,0.9802538752555847,0.9255447387695312,proxy_N1_ge2,sem_dipl
2000,gat,23,0.9852410554885864,0.9257658123970032,proxy_N1_ge2,sem_dipl
2000,gat,24,0.9993665814399719,0.9255743026733398,proxy_N1_ge2,sem_dipl
2000,gat,25,0.9876359701156616,0.9252965450286865,proxy_N1_ge2,sem_dipl
2000,gat,26,0.9865341782569885,0.925105094909668,proxy_N1_ge2,sem_dipl
2000,gat,27,0.9841136932373047,0.9251463413238525,proxy_N1_ge2,sem_dipl
2000,gat,28,0.9788839221000671,0.9253326058387756,proxy_N1_ge2,sem_dipl
2000,gat,29,0.9890860915184021,0.9255574941635132,proxy_N1_ge2,sem_dipl
2000,gat,30,0.9915947914123535,0.9254265427589417,proxy_N1_ge2,sem_dipl
1970,gcn,0,1.0381274223327637,1.0314581394195557,war_N1_ge2,sem_dipl
1970,gcn,1,1.0370839834213257,1.0311150550842285,war_N1_ge2,sem_dipl
1970,gcn,2,1.0349141359329224,1.0306804180145264,war_N1_ge2,sem_dipl
1970,gcn,3,1.0370497703552246,1.030348539352417,war_N1_ge2,sem_dipl
1970,gcn,4,1.0304325819015503,1.0299948453903198,war_N1_ge2,sem_dipl
1970,gcn,5,1.0298830270767212,1.029798150062561,war_N1_ge2,sem_dipl
1970,gcn,6,1.0338506698608398,1.0295982360839844,war_N1_ge2,sem_dipl
1970,gcn,7,1.0238715410232544,1.0294384956359863,war_N1_ge2,sem_dipl
1970,gcn,8,1.033874273300171,1.0291670560836792,war_N1_ge2,sem_dipl
1970,gcn,9,1.0251338481903076,1.0289160013198853,war_N1_ge2,sem_dipl
1970,gcn,10,1.0318353176116943,1.0287463665008545,war_N1_ge2,sem_dipl
1970,gcn,11,1.0386871099472046,1.0285890102386475,war_N1_ge2,sem_dipl
1970,gcn,12,1.0369691848754883,1.0284372568130493,war_N1_ge2,sem_dipl
1970,gcn,13,1.0334523916244507,1.0283188819885254,war_N1_ge2,sem_dipl
1970,gcn,14,1.0386950969696045,1.0282279253005981,war_N1_ge2,sem_dipl
1970,gcn,15,1.0362645387649536,1.0281620025634766,war_N1_ge2,sem_dipl
1970,gcn,16,1.0369219779968262,1.028104305267334,war_N1_ge2,sem_dipl
1970,gcn,17,1.0410497188568115,1.028042197227478,war_N1_ge2,sem_dipl
1970,gcn,18,1.0421745777130127,1.0280224084854126,war_N1_ge2,sem_dipl
1970,gcn,19,1.043341040611267,1.028012990951538,war_N1_ge2,sem_dipl
1970,gcn,20,1.0405426025390625,1.0279957056045532,war_N1_ge2,sem_dipl
1970,gcn,21,1.0330687761306763,1.0279905796051025,war_N1_ge2,sem_dipl
1970,gcn,22,1.028989553451538,1.0279812812805176,war_N1_ge2,sem_dipl
1970,gcn,23,1.0283844470977783,1.0279691219329834,war_N1_ge2,sem_dipl
1970,gcn,24,1.0400673151016235,1.027963638305664,war_N1_ge2,sem_dipl
1970,gcn,25,1.0303657054901123,1.0279572010040283,war_N1_ge2,sem_dipl
1970,gcn,26,1.0364065170288086,1.0279500484466553,war_N1_ge2,sem_dipl
1970,gcn,27,1.0323246717453003,1.0279490947723389,war_N1_ge2,sem_dipl
1970,gcn,28,1.0399388074874878,1.0279490947723389,war_N1_ge2,sem_dipl
1970,gcn,29,1.0280038118362427,1.027948021888733,war_N1_ge2,sem_dipl
1970,gcn,30,1.0208326578140259,1.0279473066329956,war_N1_ge2,sem_dipl
1970,gcn,31,1.0380594730377197,1.0279463529586792,war_N1_ge2,sem_dipl
1970,gcn,32,1.037413477897644,1.0279498100280762,war_N1_ge2,sem_dipl
1970,gcn,33,1.037068486213684,1.027960181236267,war_N1_ge2,sem_dipl
1970,gcn,34,1.031829595565796,1.0279686450958252,war_N1_ge2,sem_dipl
1970,gcn,35,1.0282834768295288,1.027974009513855,war_N1_ge2,sem_dipl
1970,gcn,36,1.0316369533538818,1.027982234954834,war_N1_ge2,sem_dipl
1970,gcn,37,1.0330665111541748,1.027988076210022,war_N1_ge2,sem_dipl
1970,gcn,38,1.037070393562317,1.0280020236968994,war_N1_ge2,sem_dipl
1970,gcn,39,1.0349293947219849,1.028019666671753,war_N1_ge2,sem_dipl
1970,gcn,40,1.0349228382110596,1.02804434299469,war_N1_ge2,sem_dipl
1970,gcn,41,1.0318536758422852,1.0280672311782837,war_N1_ge2,sem_dipl
1970,gcn,42,1.0355236530303955,1.028092861175537,war_N1_ge2,sem_dipl
1970,gcn,43,1.03404700756073,1.0281254053115845,war_N1_ge2,sem_dipl
1970,gcn,44,1.0326290130615234,1.0281574726104736,war_N1_ge2,sem_dipl
1970,gcn,45,1.035266399383545,1.0281883478164673,war_N1_ge2,sem_dipl
1970,gcn,46,1.036033272743225,1.0282164812088013,war_N1_ge2,sem_dipl
1970,gcn,47,1.0355886220932007,1.0282460451126099,war_N1_ge2,sem_dipl
1970,gcn,48,1.0369887351989746,1.0282666683197021,war_N1_ge2,sem_dipl
1970,gcn,49,1.0369634628295898,1.0282816886901855,war_N1_ge2,sem_dipl
1970,gcn,50,1.029500126838684,1.0282912254333496,war_N1_ge2,sem_dipl
1970,gcn,51,1.033740520477295,1.0282979011535645,war_N1_ge2,sem_dipl
1970,gcn,52,1.0309797525405884,1.0283105373382568,war_N1_ge2,sem_dipl
1970,gcn,53,1.0366722345352173,1.0283241271972656,war_N1_ge2,sem_dipl
1970,gcn,54,1.0333422422409058,1.0283336639404297,war_N1_ge2,sem_dipl
1970,gcn,55,1.034875512123108,1.028342843055725,war_N1_ge2,sem_dipl
1970,gcn,56,1.026570200920105,1.0283470153808594,war_N1_ge2,sem_dipl
1970,gcn,57,1.0342150926589966,1.0283581018447876,war_N1_ge2,sem_dipl
1970,gcn,58,1.0376007556915283,1.0283703804016113,war_N1_ge2,sem_dipl
1970,gcn,59,1.0356611013412476,1.0283801555633545,war_N1_ge2,sem_dipl
1970,gcn,60,1.0356942415237427,1.0283925533294678,war_N1_ge2,sem_dipl
1970,gcn,61,1.0359824895858765,1.0284008979797363,war_N1_ge2,sem_dipl
2000,gcn,0,1.0722663402557373,0.9384233951568604,war_N1_ge2,sem_dipl
2000,gcn,1,1.0717802047729492,0.9356937408447266,war_N1_ge2,sem_dipl
2000,gcn,2,1.0697166919708252,0.9333440661430359,war_N1_ge2,sem_dipl
2000,gcn,3,1.0700373649597168,0.930732011795044,war_N1_ge2,sem_dipl
2000,gcn,4,1.0707238912582397,0.929836630821228,war_N1_ge2,sem_dipl
2000,gcn,5,1.067680835723877,0.9294561147689819,war_N1_ge2,sem_dipl
2000,gcn,6,1.074312448501587,0.9286997318267822,war_N1_ge2,sem_dipl
2000,gcn,7,1.0715984106063843,0.9272900223731995,war_N1_ge2,sem_dipl
2000,gcn,8,1.0715035200119019,0.9259228110313416,war_N1_ge2,sem_dipl
2000,gcn,9,1.0628465414047241,0.9248558282852173,war_N1_ge2,sem_dipl
2000,gcn,10,1.0684829950332642,0.9236040711402893,war_N1_ge2,sem_dipl
2000,gcn,11,1.065616250038147,0.9226378798484802,war_N1_ge2,sem_dipl
2000,gcn,12,1.0700678825378418,0.9217992424964905,war_N1_ge2,sem_dipl
2000,gcn,13,1.0672403573989868,0.9205761551856995,war_N1_ge2,sem_dipl
2000,gcn,14,1.068904995918274,0.9195007681846619,war_N1_ge2,sem_dipl
2000,gcn,15,1.062079906463623,0.9183847308158875,war_N1_ge2,sem_dipl
2000,gcn,16,1.0677595138549805,0.9172971248626709,war_N1_ge2,sem_dipl
2000,gcn,17,1.0683276653289795,0.9164113998413086,war_N1_ge2,sem_dipl
2000,gcn,18,1.066453456878662,0.9154239892959595,war_N1_ge2,sem_dipl
2000,gcn,19,1.064455270767212,0.9143258929252625,war_N1_ge2,sem_dipl
2000,gcn,20,1.067574143409729,0.9133771657943726,war_N1_ge2,sem_dipl
2000,gcn,21,1.0634207725524902,0.9125387668609619,war_N1_ge2,sem_dipl
2000,gcn,22,1.0682727098464966,0.9118694067001343,war_N1_ge2,sem_dipl
2000,gcn,23,1.0683993101119995,0.9111505150794983,war_N1_ge2,sem_dipl
2000,gcn,24,1.0665587186813354,0.9109115600585938,war_N1_ge2,sem_dipl
2000,gcn,25,1.068827748298645,0.9108070731163025,war_N1_ge2,sem_dipl
2000,gcn,26,1.0713764429092407,0.9109310507774353,war_N1_ge2,sem_dipl
2000,gcn,27,1.0630589723587036,0.9110693335533142,war_N1_ge2,sem_dipl
2000,gcn,28,1.0656182765960693,0.9112751483917236,war_N1_ge2,sem_dipl
2000,gcn,29,1.0633076429367065,0.9114944338798523,war_N1_ge2,sem_dipl
2000,gcn,30,1.067252516746521,0.9118215441703796,war_N1_ge2,sem_dipl
2000,gcn,31,1.0674316883087158,0.9121565222740173,war_N1_ge2,sem_dipl
2000,gcn,32,1.0709490776062012,0.9125534296035767,war_N1_ge2,sem_dipl
2000,gcn,33,1.0699121952056885,0.9130735397338867,war_N1_ge2,sem_dipl
2000,gcn,34,1.0685882568359375,0.9137168526649475,war_N1_ge2,sem_dipl
2000,gcn,35,1.0692100524902344,0.9143839478492737,war_N1_ge2,sem_dipl
2000,gcn,36,1.06630277633667,0.9149952530860901,war_N1_ge2,sem_dipl
2000,gcn,37,1.07025146484375,0.9154527187347412,war_N1_ge2,sem_dipl
2000,gcn,38,1.0684109926223755,0.9159662127494812,war_N1_ge2,sem_dipl
2000,gcn,39,1.0676339864730835,0.9162822961807251,war_N1_ge2,sem_dipl
2000,gcn,40,1.0705358982086182,0.9166660308837891,war_N1_ge2,sem_dipl
2000,gcn,41,1.069787859916687,0.9168874621391296,war_N1_ge2,sem_dipl
2000,gcn,42,1.0695736408233643,0.9171292781829834,war_N1_ge2,sem_dipl
2000,gcn,43,1.0715782642364502,0.9171890616416931,war_N1_ge2,sem_dipl
2000,gcn,44,1.0659525394439697,0.917300820350647,war_N1_ge2,sem_dipl
2000,gcn,45,1.0704270601272583,0.9175335168838501,war_N1_ge2,sem_dipl
2000,gcn,46,1.0695862770080566,0.9177134037017822,war_N1_ge2,sem_dipl
2000,gcn,47,1.0681860446929932,0.9177994132041931,war_N1_ge2,sem_dipl
2000,gcn,48,1.0705580711364746,0.9178723692893982,war_N1_ge2,sem_dipl
2000,gcn,49,1.0677011013031006,0.9177736639976501,war_N1_ge2,sem_dipl
2000,gcn,50,1.067578911781311,0.9175087213516235,war_N1_ge2,sem_dipl
2000,gcn,51,1.0658677816390991,0.9172356128692627,war_N1_ge2,sem_dipl
2000,gcn,52,1.0670032501220703,0.9170255064964294,war_N1_ge2,sem_dipl
2000,gcn,53,1.0656712055206299,0.9167022705078125,war_N1_ge2,sem_dipl
2000,gcn,54,1.0674433708190918,0.9162492752075195,war_N1_ge2,sem_dipl
2000,gcn,55,1.0689759254455566,0.9158329367637634,war_N1_ge2,sem_dipl
1970,gat,0,1.0530146360397339,1.0352901220321655,war_N1_ge2,sem_dipl
1970,gat,1,1.0338612794876099,1.0331494808197021,war_N1_ge2,sem_dipl
1970,gat,2,1.0323944091796875,1.031545639038086,war_N1_ge2,sem_dipl
1970,gat,3,1.0377607345581055,1.0305007696151733,war_N1_ge2,sem_dipl
1970,gat,4,1.0318667888641357,1.0294190645217896,war_N1_ge2,sem_dipl
1970,gat,5,1.034568428993225,1.0284531116485596,war_N1_ge2,sem_dipl
1970,gat,6,1.0281920433044434,1.0277915000915527,war_N1_ge2,sem_dipl
1970,gat,7,1.0400168895721436,1.0274524688720703,war_N1_ge2,sem_dipl
1970,gat,8,1.0429272651672363,1.02727472782135,war_N1_ge2,sem_dipl
1970,gat,9,1.0274279117584229,1.027176856994629,war_N1_ge2,sem_dipl
1970,gat,10,1.0506906509399414,1.0273152589797974,war_N1_ge2,sem_dipl
1970,gat,11,1.0388641357421875,1.0273189544677734,war_N1_ge2,sem_dipl
1970,gat,12,1.03875732421875,1.0272771120071411,war_N1_ge2,sem_dipl
1970,gat,13,1.0320590734481812,1.0273122787475586,war_N1_ge2,sem_dipl
1970,gat,14,1.0414694547653198,1.0273516178131104,war_N1_ge2,sem_dipl
1970,gat,15,1.023529291152954,1.0273888111114502,war_N1_ge2,sem_dipl
1970,gat,16,1.0270836353302002,1.027437448501587,war_N1_ge2,sem_dipl
1970,gat,17,1.0249965190887451,1.027476191520691,war_N1_ge2,sem_dipl
1970,gat,18,1.0462336540222168,1.0275057554244995,war_N1_ge2,sem_dipl
1970,gat,19,1.0322962999343872,1.0275331735610962,war_N1_ge2,sem_dipl
1970,gat,20,1.0377134084701538,1.0275471210479736,war_N1_ge2,sem_dipl
1970,gat,21,1.0211546421051025,1.027556300163269,war_N1_ge2,sem_dipl
1970,gat,22,1.0416786670684814,1.0275529623031616,war_N1_ge2,sem_dipl
1970,gat,23,1.0308948755264282,1.0275613069534302,war_N1_ge2,sem_dipl
1970,gat,24,1.0263012647628784,1.0276143550872803,war_N1_ge2,sem_dipl
1970,gat,25,1.0398613214492798,1.0276687145233154,war_N1_ge2,sem_dipl
1970,gat,26,1.0277456045150757,1.027679204940796,war_N1_ge2,sem_dipl
1970,gat,27,1.028385877609253,1.0276925563812256,war_N1_ge2,sem_dipl
1970,gat,28,1.0295841693878174,1.0277070999145508,war_N1_ge2,sem_dipl
1970,gat,29,1.0269302129745483,1.0277256965637207,war_N1_ge2,sem_dipl
1970,gat,30,1.0384669303894043,1.0277408361434937,war_N1_ge2,sem_dipl
1970,gat,31,1.024994969367981,1.0277613401412964,war_N1_ge2,sem_dipl
1970,gat,32,1.0347241163253784,1.0277765989303589,war_N1_ge2,sem_dipl
1970,gat,33,1.0397299528121948,1.0277878046035767,war_N1_ge2,sem_dipl
1970,gat,34,1.043251633644104,1.0277857780456543,war_N1_ge2,sem_dipl
1970,gat,35,1.040764331817627,1.027776837348938,war_N1_ge2,sem_dipl
1970,gat,36,1.0408272743225098,1.0277634859085083,war_N1_ge2,sem_dipl
1970,gat,37,1.03846275806427,1.027759075164795,war_N1_ge2,sem_dipl
1970,gat,38,1.0361512899398804,1.0277631282806396,war_N1_ge2,sem_dipl
1970,gat,39,1.0172170400619507,1.0277737379074097,war_N1_ge2,sem_dipl
2000,gat,0,1.0740410089492798,0.8805004358291626,war_N1_ge2,sem_dipl
2000,gat,1,1.0798149108886719,0.8842793107032776,war_N1_ge2,sem_dipl
2000,gat,2,1.0761128664016724,0.8882841467857361,war_N1_ge2,sem_dipl
2000,gat,3,1.0726913213729858,0.8928974270820618,war_N1_ge2,sem_dipl
2000,gat,4,1.06401526927948,0.8964752554893494,war_N1_ge2,sem_dipl
2000,gat,5,1.071790337562561,0.8992923498153687,war_N1_ge2,sem_dipl
2000,gat,6,1.0627862215042114,0.9018971920013428,war_N1_ge2,sem_dipl
2000,gat,7,1.0650099515914917,0.9043093323707581,war_N1_ge2,sem_dipl
2000,gat,8,1.0737916231155396,0.906571626663208,war_N1_ge2,sem_dipl
2000,gat,9,1.0808453559875488,0.9078988432884216,war_N1_ge2,sem_dipl
2000,gat,10,1.067901611328125,0.9091373085975647,war_N1_ge2,sem_dipl
2000,gat,11,1.059739112854004,0.9104071259498596,war_N1_ge2,sem_dipl
2000,gat,12,1.069952368736267,0.911700963973999,war_N1_ge2,sem_dipl
2000,gat,13,1.0794235467910767,0.9128404855728149,war_N1_ge2,sem_dipl
2000,gat,14,1.07183837890625,0.9141206741333008,war_N1_ge2,sem_dipl
2000,gat,15,1.0749579668045044,0.9147962331771851,war_N1_ge2,sem_dipl
2000,gat,16,1.0632939338684082,0.9155437350273132,war_N1_ge2,sem_dipl
2000,gat,17,1.0699801445007324,0.9160545468330383,war_N1_ge2,sem_dipl
2000,gat,18,1.0616466999053955,0.916695237159729,war_N1_ge2,sem_dipl
2000,gat,19,1.0665429830551147,0.9171749353408813,war_N1_ge2,sem_dipl
2000,gat,20,1.0619723796844482,0.9176343679428101,war_N1_ge2,sem_dipl
2000,gat,21,1.0657587051391602,0.9180587530136108,war_N1_ge2,sem_dipl
2000,gat,22,1.0551917552947998,0.9185726642608643,war_N1_ge2,sem_dipl
2000,gat,23,1.0671885013580322,0.9190162420272827,war_N1_ge2,sem_dipl
2000,gat,24,1.0765405893325806,0.9188643097877502,war_N1_ge2,sem_dipl
2000,gat,25,1.069728136062622,0.9186025261878967,war_N1_ge2,sem_dipl
2000,gat,26,1.076693058013916,0.9183177351951599,war_N1_ge2,sem_dipl
2000,gat,27,1.069158911705017,0.9182494878768921,war_N1_ge2,sem_dipl
2000,gat,28,1.0616464614868164,0.9182494878768921,war_N1_ge2,sem_dipl
2000,gat,29,1.0719746351242065,0.9182042479515076,war_N1_ge2,sem_dipl
2000,gat,30,1.0773767232894897,0.9176777005195618,war_N1_ge2,sem_dipl
