year,layer,nodes,edges,density,modularity
1890,alliance,12,9.0,0.13636363636363635,0.0
1890,trade,12,53.0,0.803030303030303,0.10541143308978604
1890,disputes,12,6.0,0.09090909090909091,0.2083333333333333
1890,diplomacy,12,,,
1891,alliance,13,10.0,0.1282051282051282,0.15289256198347112
1891,trade,13,60.0,0.7692307692307693,0.1257636564513212
1891,disputes,13,4.0,0.05128205128205128,0.40625
1891,diplomacy,13,,,
1892,alliance,12,9.0,0.13636363636363635,0.090702947845805
1892,trade,12,53.0,0.803030303030303,0.13211320676027807
1892,disputes,12,2.0,0.030303030303030304,0.5
1892,diplomacy,12,,,
1893,alliance,13,10.0,0.1282051282051282,0.31039999999999995
1893,trade,13,63.0,0.8076923076923077,0.12494301494519636
1893,disputes,13,3.0,0.038461538461538464,0.375
1893,diplomacy,13,,,
1894,alliance,12,9.0,0.13636363636363635,0.27777777777777773
1894,trade,12,45.0,0.6818181818181818,0.12664305526661862
1894,disputes,12,3.0,0.045454545454545456,0.5
1894,diplomacy,12,64.0,0.9696969696969697,0.0
1895,alliance,12,9.0,0.13636363636363635,0.27777777777777773
1895,trade,12,53.0,0.803030303030303,0.09681374878074356
1895,disputes,12,8.0,0.12121212121212122,0.4012345679012345
1895,diplomacy,12,,,
1896,alliance,12,7.0,0.10606060606060606,0.4628099173553719
1896,trade,12,54.0,0.8181818181818182,0.10420609660595148
1896,disputes,12,8.0,0.12121212121212122,0.3828125
1896,diplomacy,12,,,
1897,alliance,12,7.0,0.10606060606060606,0.4628099173553719
1897,trade,12,56.0,0.8484848484848485,0.10125768368883764
1897,disputes,12,15.0,0.22727272727272727,0.28892733564013845
1897,diplomacy,12,,,
1898,alliance,12,5.0,0.07575757575757576,0.48
1898,trade,12,57.0,0.8636363636363636,0.1011083785503033
1898,disputes,12,14.0,0.21212121212121213,0.1869806094182825
1898,diplomacy,12,,,
1899,alliance,12,5.0,0.07575757575757576,0.48
1899,trade,12,55.0,0.8333333333333334,0.10648156243644177
1899,disputes,12,16.0,0.24242424242424243,0.163265306122449
1899,diplomacy,12,64.0,0.9696969696969697,0.0
1900,alliance,12,5.0,0.07575757575757576,0.48
1900,trade,12,54.0,0.8181818181818182,0.11224201255796223
1900,disputes,12,17.0,0.25757575757575757,0.14959999999999998
1900,diplomacy,12,,,
1901,alliance,12,4.0,0.06060606060606061,0.375
1901,trade,12,54.0,0.8181818181818182,0.11161365678780125
1901,disputes,12,10.0,0.15151515151515152,0.12152777777777779
1901,diplomacy,12,,,
1902,alliance,12,6.0,0.09090909090909091,0.437618147448015
1902,trade,12,51.0,0.7727272727272727,0.11011677987652338
1902,disputes,12,14.0,0.21212121212121213,0.21875
1902,diplomacy,12,,,
1903,alliance,12,6.0,0.09090909090909091,0.437618147448015
1903,trade,12,53.0,0.803030303030303,0.09834871833043979
1903,disputes,12,6.0,0.09090909090909091,0.46875
1903,diplomacy,12,,,
1904,alliance,13,8.0,0.10256410256410256,0.3593964334705074
1904,trade,13,60.0,0.7692307692307693,0.09619693510076271
1904,disputes,13,9.0,0.11538461538461539,0.40082644628099173
1904,diplomacy,13,74.0,0.9487179487179487,0.0
1905,alliance,12,9.0,0.13636363636363635,0.2559833506763788
1905,trade,12,59.0,0.8939393939393939,0.09276470463774808
1905,disputes,12,13.0,0.19696969696969696,0.31777777777777777
1905,diplomacy,12,,,
1906,alliance,13,8.0,0.10256410256410256,0.3593964334705074
1906,trade,13,64.0,0.8205128205128205,0.09774718411955052
1906,disputes,13,10.0,0.1282051282051282,0.28099173553719003
1906,diplomacy,13,,,
1907,alliance,13,10.0,0.1282051282051282,0.3376932223543401
1907,trade,13,65.0,0.8333333333333334,0.0936438314523135
1907,disputes,13,8.0,0.10256410256410256,0.3641975308641975
1907,diplomacy,13,,,
1908,alliance,13,11.0,0.14102564102564102,0.3577777777777778
1908,trade,13,60.0,0.7692307692307693,0.10528888394427449
1908,disputes,13,4.0,0.05128205128205128,0.5
1908,diplomacy,13,,,
1909,alliance,13,11.0,0.14102564102564102,0.4107142857142857
1909,trade,13,62.0,0.7948717948717948,0.0867904828837209
1909,disputes,13,2.0,0.02564102564102564,0.4444444444444444
1909,diplomacy,13,74.0,0.9487179487179487,0.0
1910,alliance,13,12.0,0.15384615384615385,0.39179548156956
1910,trade,13,64.0,0.8205128205128205,0.08530212523279398
1910,disputes,13,3.0,0.038461538461538464,0.5
1910,diplomacy,13,,,
1911,alliance,13,11.0,0.14102564102564102,0.37436224489795916
1911,trade,13,64.0,0.8205128205128205,0.08937769446513212
1911,disputes,13,8.0,0.10256410256410256,0.41975308641975306
1911,diplomacy,13,,,
1912,alliance,13,11.0,0.14102564102564102,0.37436224489795916
1912,trade,13,69.0,0.8846153846153846,0.08050088879864575
1912,disputes,13,8.0,0.10256410256410256,0.3854166666666667
1912,diplomacy,13,,,
1913,alliance,14,11.0,0.12087912087912088,0.37436224489795916
1913,trade,14,76.0,0.8351648351648352,0.08313019616294705
1913,disputes,14,11.0,0.12087912087912088,0.37111111111111117
1913,diplomacy,14,,,
1914,alliance,12,12.0,0.18181818181818182,0.36865234375
1914,trade,12,6.0,0.09090909090909091,0.42807584963950374
1914,disputes,12,20.0,0.30303030303030304,0.1345486111111111
1914,diplomacy,12,64.0,0.9696969696969697,0.0
1915,alliance,9,11.0,0.3055555555555556,0.1998810232004758
1915,trade,9,4.0,0.1111111111111111,-2.220446049250313e-16
1915,disputes,9,13.0,0.3611111111111111,0.1796875
1915,diplomacy,9,,,
1916,alliance,9,9.0,0.25,0.19753086419753085
1916,trade,9,3.0,0.08333333333333333,2.220446049250313e-16
1916,disputes,9,13.0,0.3611111111111111,0.21604938271604934
1916,diplomacy,9,,,
1917,alliance,10,9.0,0.2,0.19753086419753085
1917,trade,10,4.0,0.08888888888888889,0.4791832860818219
1917,disputes,10,18.0,0.4,0.20486111111111108
1917,diplomacy,10,,,
1918,alliance,10,5.0,0.1111111111111111,0.31999999999999995
1918,trade,10,2.0,0.044444444444444446,0.0
1918,disputes,10,21.0,0.4666666666666667,0.1186556927297667
1918,diplomacy,10,,,
1919,alliance,11,1.0,0.01818181818181818,0.0
1919,trade,11,24.0,0.43636363636363634,0.12579243415085245
1919,disputes,11,18.0,0.32727272727272727,0.17626953125
1919,diplomacy,11,,,
1920,alliance,13,2.0,0.02564102564102564,0.5
1920,trade,13,62.0,0.7948717948717948,0.027754414679511057
1920,disputes,13,20.0,0.2564102564102564,0.24227481919789615
1920,diplomacy,13,53.0,0.6794871794871795,0.032751868992524025
1921,alliance,13,8.0,0.10256410256410256,0.3166089965397924
1921,trade,13,62.0,0.7948717948717948,0.08428917309512365
1921,disputes,13,17.0,0.21794871794871795,0.23959094229364497
1921,diplomacy,13,,,
1922,alliance,13,8.0,0.10256410256410256,0.22193877551020397
1922,trade,13,64.0,0.8205128205128205,0.05633496683830263
1922,disputes,13,14.0,0.1794871794871795,0.24426020408163263
1922,diplomacy,13,,,
1923,alliance,13,8.0,0.10256410256410256,0.22193877551020397
1923,trade,13,65.0,0.8333333333333334,0.047514909413161346
1923,disputes,13,8.0,0.10256410256410256,0.4260204081632653
1923,diplomacy,13,,,
1924,alliance,13,10.0,0.1282051282051282,0.271484375
1924,trade,13,73.0,0.9358974358974359,0.06749765664927308
1924,disputes,13,5.0,0.0641025641025641,0.4444444444444444
1924,diplomacy,13,,,
1925,alliance,13,18.0,0.23076923076923078,0.11917009602194784
1925,trade,13,70.0,0.8974358974358975,0.07814380229705135
1925,disputes,13,6.0,0.07692307692307693,0.5
1925,diplomacy,13,75.0,0.9615384615384616,0.0
1926,alliance,13,20.0,0.2564102564102564,0.13319444444444445
1926,trade,13,63.0,0.8076923076923077,0.10310415544768298
1926,disputes,13,9.0,0.11538461538461539,0.21487603305785125
1926,diplomacy,13,,,
1927,alliance,13,20.0,0.2564102564102564,0.13319444444444445
1927,trade,13,77.0,0.9871794871794872,0.06772961738746931
1927,disputes,13,12.0,0.15384615384615385,0.16115702479338845
1927,diplomacy,13,,,
1928,alliance,14,24.0,0.26373626373626374,0.22183641975308638
1928,trade,14,83.0,0.9120879120879121,0.07986544981046036
1928,disputes,14,12.0,0.13186813186813187,0.16115702479338845
1928,diplomacy,14,,,
1929,alliance,14,24.0,0.26373626373626374,0.22183641975308638
1929,trade,14,83.0,0.9120879120879121,0.07073894270521541
1929,disputes,14,10.0,0.10989010989010989,0.20408163265306123
1929,diplomacy,14,,,
1930,alliance,14,23.0,0.25274725274725274,0.23179924618131312
1930,trade,14,67.0,0.7362637362637363,0.1322309063818667
1930,disputes,14,2.0,0.02197802197802198,0.0
1930,diplomacy,14,84.0,0.9230769230769231,0.0
1931,alliance,14,23.0,0.25274725274725274,0.23179924618131312
1931,trade,14,81.0,0.8901098901098901,0.08312097358831638
1931,disputes,14,2.0,0.02197802197802198,0.0
1931,diplomacy,14,,,
1932,alliance,13,16.0,0.20512820512820512,0.15986111111111118
1932,trade,13,74.0,0.9487179487179487,0.08632453032744418
1932,disputes,13,4.0,0.05128205128205128,0.0
1932,diplomacy,13,,,
1933,alliance,13,17.0,0.21794871794871795,0.12950365331317715
1933,trade,13,77.0,0.9871794871794872,0.09277507704816323
1933,disputes,13,5.0,0.0641025641025641,0.0
1933,diplomacy,13,,,
1934,alliance,13,17.0,0.21794871794871795,0.13930801248699268
1934,trade,13,75.0,0.9615384615384616,0.09473769031965709
1934,disputes,13,7.0,0.08974358974358974,0.31999999999999995
1934,diplomacy,13,,,
1935,alliance,13,18.0,0.23076923076923078,0.17943862775673874
1935,trade,13,74.0,0.9487179487179487,0.07912295747680753
1935,disputes,13,6.0,0.07692307692307693,0.375
1935,diplomacy,13,77.0,0.9871794871794872,0.0
1936,alliance,14,20.0,0.21978021978021978,0.20601071216028558
1936,trade,14,78.0,0.8571428571428571,0.07411739949413573
1936,disputes,14,12.0,0.13186813186813187,0.4429012345679012
1936,diplomacy,14,,,
1937,alliance,13,14.0,0.1794871794871795,0.3014814814814815
1937,trade,13,74.0,0.9487179487179487,0.0788463957891749
1937,disputes,13,13.0,0.16666666666666666,0.33900226757369617
1937,diplomacy,13,,,
1938,alliance,13,15.0,0.19230769230769232,0.2863894139886579
1938,trade,13,74.0,0.9487179487179487,0.09024026119710027
1938,disputes,13,18.0,0.23076923076923078,0.2791495198902606
1938,diplomacy,13,,,
1939,alliance,11,18.0,0.32727272727272727,0.3268430439952438
1939,trade,11,30.0,0.5454545454545454,0.24639536490967306
1939,disputes,11,23.0,0.41818181818181815,0.17820069204152247
1939,diplomacy,11,,,
1940,alliance,11,11.0,0.2,0.22593749999999996
1940,trade,11,26.0,0.4727272727272727,0.2752347514272956
1940,disputes,11,28.0,0.509090909090909,0.11791383219954646
1940,diplomacy,11,44.0,0.8,0.02453512396694217
1941,alliance,12,9.0,0.13636363636363635,0.20749108204518427
1941,trade,12,28.0,0.42424242424242425,0.32219568443143276
1941,disputes,12,44.0,0.6666666666666666,0.05957300275482094
1941,diplomacy,12,,,
1942,alliance,11,4.0,0.07272727272727272,0.40816326530612246
1942,trade,11,21.0,0.38181818181818183,0.15511875455153964
1942,disputes,11,38.0,0.6909090909090909,0.04058383766464934
1942,diplomacy,11,,,
1943,alliance,11,5.0,0.09090909090909091,0.48
1943,trade,11,9.0,0.16363636363636364,0.15209924803372465
1943,disputes,11,31.0,0.5636363636363636,0.07067718606180146
1943,diplomacy,11,,,
1944,alliance,12,5.0,0.07575757575757576,0.1244444444444444
1944,trade,12,19.0,0.2878787878787879,0.17289055560754632
1944,disputes,12,37.0,0.5606060606060606,0.06679286100594917
1944,diplomacy,12,,,
1945,alliance,12,5.0,0.07575757575757576,0.3324099722991689
1945,trade,12,20.0,0.30303030303030304,0.20123733172651992
1945,disputes,12,37.0,0.5606060606060606,0.08814814814814817
1945,diplomacy,12,,,
1946,alliance,13,6.0,0.07692307692307693,0.27777777777777773
1946,trade,13,29.0,0.3717948717948718,0.07926729707925084
1946,disputes,13,13.0,0.16666666666666666,0.2142857142857143
1946,diplomacy,13,,,
1947,alliance,15,8.0,0.0761904761904762,0.28125
1947,trade,15,31.0,0.29523809523809524,0.11787291244139672
1947,disputes,15,5.0,0.047619047619047616,0.375
1947,diplomacy,15,,,
1948,alliance,15,10.0,0.09523809523809523,0.38
1948,trade,15,83.0,0.7904761904761904,0.12143643951699268
1948,disputes,15,6.0,0.05714285714285714,0.31999999999999995
1948,diplomacy,15,,,
1949,alliance,16,17.0,0.14166666666666666,0.29757785467128023
1949,trade,16,89.0,0.7416666666666667,0.11206996110430886
1949,disputes,16,10.0,0.08333333333333333,0.375
1949,diplomacy,16,,,
1950,alliance,15,17.0,0.1619047619047619,0.29757785467128023
1950,trade,15,89.0,0.8476190476190476,0.1177021904855276
1950,disputes,15,11.0,0.10476190476190476,0.257716049382716
1950,diplomacy,15,77.0,0.7333333333333333,0.04368358913813458
1951,alliance,14,17.0,0.18681318681318682,0.29757785467128023
1951,trade,14,80.0,0.8791208791208791,0.10982124325898196
1951,disputes,14,9.0,0.0989010989010989,0.2923553719008265
1951,diplomacy,14,,,
1952,alliance,15,18.0,0.17142857142857143,0.2901234567901234
1952,trade,15,93.0,0.8857142857142857,0.09861227365269164
1952,disputes,15,8.0,0.0761904761904762,0.257716049382716
1952,diplomacy,15,,,
1953,alliance,15,18.0,0.17142857142857143,0.2901234567901234
1953,trade,15,89.0,0.8476190476190476,0.11498705302210512
1953,disputes,15,11.0,0.10476190476190476,0.17999999999999997
1953,diplomacy,15,,,
1954,alliance,16,21.0,0.175,0.2844444444444446
1954,trade,16,98.0,0.8166666666666667,0.13389690436053672
1954,disputes,16,12.0,0.1,0.12124999999999994
1954,diplomacy,16,,,
1955,alliance,15,23.0,0.21904761904761905,0.2655954631379961
1955,trade,15,97.0,0.9238095238095239,0.26000966395272973
1955,disputes,15,9.0,0.08571428571428572,0.12345679012345673
1955,diplomacy,15,80.0,0.7619047619047619,0.08718750000000003
1956,alliance,16,24.0,0.2,0.4131944444444444
1956,trade,16,112.0,0.9333333333333333,0.2831430227884101
1956,disputes,16,9.0,0.075,0.2421875
1956,diplomacy,16,,,
1957,alliance,15,21.0,0.2,0.32539682539682535
1957,trade,15,100.0,0.9523809523809523,0.21669265844563468
1957,disputes,15,8.0,0.0761904761904762,0.3195266272189349
1957,diplomacy,15,,,
1958,alliance,16,24.0,0.2,0.31605857846231533
1958,trade,16,102.0,0.85,0.1401942384012343
1958,disputes,16,11.0,0.09166666666666666,0.22193877551020397
1958,diplomacy,16,,,
1959,alliance,16,24.0,0.2,0.3293684337640381
1959,trade,16,107.0,0.8916666666666667,0.14394839772486503
1959,disputes,16,11.0,0.09166666666666666,0.24952741020793956
1959,diplomacy,16,,,
1960,alliance,15,24.0,0.22857142857142856,0.3293684337640381
1960,trade,15,78.0,0.7428571428571429,0.09651482080432658
1960,disputes,15,11.0,0.10476190476190476,0.2208
1960,diplomacy,15,94.0,0.8952380952380953,0.018503847894975084
1961,alliance,15,24.0,0.22857142857142856,0.3293684337640381
1961,trade,15,82.0,0.780952380952381,0.10637891805808371
1961,disputes,15,18.0,0.17142857142857143,0.30810546875
1961,diplomacy,15,,,
1962,alliance,15,44.0,0.41904761904761906,0.1611990702162186
1962,trade,15,81.0,0.7714285714285715,0.10973840942085222
1962,disputes,15,18.0,0.17142857142857143,0.26594345825115057
1962,diplomacy,15,,,
1963,alliance,15,44.0,0.41904761904761906,0.1611990702162186
1963,trade,15,80.0,0.7619047619047619,0.10752456681096284
1963,disputes,15,20.0,0.19047619047619047,0.3236884802595998
1963,diplomacy,15,,,
1964,alliance,15,44.0,0.41904761904761906,0.1611990702162186
1964,trade,15,82.0,0.780952380952381,0.09135816962619488
1964,disputes,15,13.0,0.12380952380952381,0.33516988062442604
1964,diplomacy,15,,,
1965,alliance,15,24.0,0.22857142857142856,0.3293684337640381
1965,trade,15,81.0,0.7714285714285715,0.09910219076581557
1965,disputes,15,11.0,0.10476190476190476,0.46639999999999987
1965,diplomacy,15,96.0,0.9142857142857143,0.007758246527777762
1966,alliance,14,22.0,0.24175824175824176,0.24843954129772094
1966,trade,14,71.0,0.7802197802197802,0.10109263582834213
1966,disputes,14,9.0,0.0989010989010989,0.40476190476190477
1966,diplomacy,14,,,
1967,alliance,15,22.0,0.20952380952380953,0.24843954129772094
1967,trade,15,82.0,0.780952380952381,0.12598723119138755
1967,disputes,15,9.0,0.08571428571428572,0.31207133058984904
1967,diplomacy,15,,,
1968,alliance,15,22.0,0.20952380952380953,0.24843954129772094
1968,trade,15,84.0,0.8,0.12599011823717038
1968,disputes,15,10.0,0.09523809523809523,0.20931952662721895
1968,diplomacy,15,,,
1969,alliance,15,22.0,0.20952380952380953,0.24843954129772094
1969,trade,15,85.0,0.8095238095238095,0.14137936867251363
1969,disputes,15,10.0,0.09523809523809523,0.2462277091906722
1969,diplomacy,15,,,
1970,alliance,16,26.0,0.21666666666666667,0.2988206729101631
1970,trade,16,99.0,0.825,0.16212913963350628
1970,disputes,16,10.0,0.08333333333333333,0.2922437673130194
1970,diplomacy,16,111.0,0.925,0.0
1971,alliance,15,23.0,0.21904761904761905,0.2584971803078798
1971,trade,15,75.0,0.7142857142857143,0.17503522494839
1971,disputes,15,7.0,0.06666666666666667,0.21074380165289244
1971,diplomacy,15,,,
1972,alliance,14,23.0,0.25274725274725274,0.2584971803078798
1972,trade,14,75.0,0.8241758241758241,0.18378420066476114
1972,disputes,14,4.0,0.04395604395604396,0.0546875
1972,diplomacy,14,,,
1973,alliance,14,23.0,0.25274725274725274,0.2584971803078798
1973,trade,14,76.0,0.8351648351648352,0.17689921557187582
1973,disputes,14,3.0,0.03296703296703297,0.0714285714285714
1973,diplomacy,14,,,
1974,alliance,16,26.0,0.21666666666666667,0.3376112845415655
1974,trade,16,100.0,0.8333333333333334,0.1757905352027656
1974,disputes,16,4.0,0.03333333333333333,0.0
1974,diplomacy,16,,,
1975,alliance,17,28.0,0.20588235294117646,0.3294717823360612
1975,trade,17,115.0,0.8455882352941176,0.18053395161025215
1975,disputes,17,3.0,0.022058823529411766,0.08000000000000002
1975,diplomacy,17,125.0,0.9191176470588235,0.009951999999999905
1976,alliance,17,28.0,0.20588235294117646,0.3294717823360612
1976,trade,17,115.0,0.8455882352941176,0.17529564327153674
1976,disputes,17,4.0,0.029411764705882353,0.0
1976,diplomacy,17,,,
1977,alliance,18,35.0,0.22875816993464052,0.285808711745654
1977,trade,18,132.0,0.8627450980392157,0.18876864511499875
1977,disputes,18,5.0,0.032679738562091505,0.3194444444444443
1977,diplomacy,18,,,
1978,alliance,17,28.0,0.20588235294117646,0.3294717823360612
1978,trade,17,118.0,0.8676470588235294,0.18795530500832774
1978,disputes,17,5.0,0.03676470588235294,0.07499999999999998
1978,diplomacy,17,,,
1979,alliance,16,26.0,0.21666666666666667,0.3376112845415655
1979,trade,16,104.0,0.8666666666666667,0.20696301679119533
1979,disputes,16,5.0,0.041666666666666664,0.0416666666666667
1979,diplomacy,16,,,
1980,alliance,17,27.0,0.19852941176470587,0.3465368945224084
1980,trade,17,115.0,0.8455882352941176,0.2029050552827528
1980,disputes,17,11.0,0.08088235294117647,0.1799307958477508
1980,diplomacy,17,129.0,0.9485294117647058,0.0
1981,alliance,17,31.0,0.22794117647058823,0.26736627770381394
1981,trade,17,116.0,0.8529411764705882,0.1783326365748299
1981,disputes,17,11.0,0.08088235294117647,0.2577160493827161
1981,diplomacy,17,,,
1982,alliance,20,40.0,0.21052631578947367,0.2546161321671525
1982,trade,20,161.0,0.8473684210526315,0.1864591799343915
1982,disputes,20,13.0,0.06842105263157895,0.3718820861678005
1982,diplomacy,20,,,
1983,alliance,18,38.0,0.24836601307189543,0.23288566973492275
1983,trade,18,129.0,0.8431372549019608,0.1850773746439915
1983,disputes,18,5.0,0.032679738562091505,0.39669421487603307
1983,diplomacy,18,,,
1984,alliance,20,39.0,0.20526315789473684,0.24949875299525653
1984,trade,20,158.0,0.8315789473684211,0.19129813357426254
1984,disputes,20,18.0,0.09473684210526316,0.4135802469135802
1984,diplomacy,20,,,
1985,alliance,19,38.0,0.2222222222222222,0.24132116643523116
1985,trade,19,147.0,0.8596491228070176,0.18814865664633795
1985,disputes,19,22.0,0.1286549707602339,0.29430670339761245
1985,diplomacy,19,163.0,0.9532163742690059,0.0
1986,alliance,18,38.0,0.24836601307189543,0.23288566973492275
1986,trade,18,130.0,0.8496732026143791,0.17940375125361446
1986,disputes,18,10.0,0.06535947712418301,0.4930795847750865
1986,diplomacy,18,,,
1987,alliance,19,39.0,0.22807017543859648,0.24949875299525653
1987,trade,19,147.0,0.8596491228070176,0.19745175064043952
1987,disputes,19,13.0,0.07602339181286549,0.5549999999999999
1987,diplomacy,19,,,
1988,alliance,20,39.0,0.20526315789473684,0.24949875299525653
1988,trade,20,162.0,0.8526315789473684,0.19030614393660983
1988,disputes,20,24.0,0.12631578947368421,0.351875
1988,diplomacy,20,,,
1989,alliance,22,45.0,0.19480519480519481,0.270394857667585
1989,trade,22,200.0,0.8658008658008658,0.18830425393039052
1989,disputes,22,23.0,0.09956709956709957,0.3934802571166207
1989,diplomacy,22,,,
1990,alliance,21,53.0,0.2523809523809524,0.20745688240195959
1990,trade,21,183.0,0.8714285714285714,0.2372689945206633
1990,disputes,21,13.0,0.06190476190476191,0.263671875
1990,diplomacy,21,174.0,0.8285714285714286,0.009363852556480395
1991,alliance,23,46.0,0.18181818181818182,0.22702310090702954
1991,trade,23,225.0,0.8893280632411067,0.23477409747032651
1991,disputes,23,5.0,0.019762845849802372,0.65625
1991,diplomacy,23,,,
1992,alliance,20,44.0,0.23157894736842105,0.20578095514588474
1992,trade,20,180.0,0.9473684210526315,0.24052308945859519
1992,disputes,20,6.0,0.031578947368421054,0.71875
1992,diplomacy,20,,,
1993,alliance,22,44.0,0.19047619047619047,0.20578095514588474
1993,trade,22,225.0,0.974025974025974,0.2121011271235439
1993,disputes,22,12.0,0.05194805194805195,0.5015432098765431
1993,diplomacy,22,,,
1994,alliance,21,44.0,0.20952380952380953,0.20578095514588474
1994,trade,21,205.0,0.9761904761904762,0.22508665022365607
1994,disputes,21,14.0,0.06666666666666667,0.3812499999999999
1994,diplomacy,21,,,
1995,alliance,21,45.0,0.21428571428571427,0.22832179930795854
1995,trade,21,204.0,0.9714285714285714,0.23279974581958832
1995,disputes,21,16.0,0.0761904761904762,0.3090277777777778
1995,diplomacy,21,176.0,0.8380952380952381,0.010782541322314099
1996,alliance,21,45.0,0.21428571428571427,0.21735048185941036
1996,trade,21,207.0,0.9857142857142858,0.23209449362693158
1996,disputes,21,19.0,0.09047619047619047,0.316
1996,diplomacy,21,,,
1997,alliance,21,45.0,0.21428571428571427,0.21735048185941036
1997,trade,21,208.0,0.9904761904761905,0.22268822966587876
1997,disputes,21,19.0,0.09047619047619047,0.3647999999999999
1997,diplomacy,21,,,
1998,alliance,21,43.0,0.20476190476190476,0.19473022405121176
1998,trade,21,208.0,0.9904761904761905,0.21589549990103635
1998,disputes,21,14.0,0.06666666666666667,0.41777777777777775
1998,diplomacy,21,,,
1999,alliance,21,43.0,0.20476190476190476,0.19473022405121176
1999,trade,21,208.0,0.9904761904761905,0.2274264130091352
1999,disputes,21,16.0,0.0761904761904762,0.4183673469387755
1999,diplomacy,21,,,
2000,alliance,22,46.0,0.19913419913419914,0.22290886173453314
2000,trade,22,228.0,0.987012987012987,0.2269098155230203
2000,disputes,22,18.0,0.07792207792207792,0.39990234375
2000,diplomacy,22,193.0,0.8354978354978355,0.011812397648258949
2001,alliance,22,39.0,0.16883116883116883,0.2503898194255822
2001,trade,22,228.0,0.987012987012987,0.2122445334171351
2001,disputes,22,17.0,0.0735930735930736,0.4418145956607495
2001,diplomacy,22,,,
2002,alliance,22,50.0,0.21645021645021645,0.27645828781873233
2002,trade,22,229.0,0.9913419913419913,0.22723846585443572
2002,disputes,22,14.0,0.06060606060606061,0.2977430555555556
2002,diplomacy,22,,,
2003,alliance,21,49.0,0.23333333333333334,0.22925714285714288
2003,trade,21,207.0,0.9857142857142858,0.24065920931323034
2003,disputes,21,18.0,0.08571428571428572,0.26736111111111116
2003,diplomacy,21,,,
2004,alliance,22,49.0,0.21212121212121213,0.25031836734693874
2004,trade,22,228.0,0.987012987012987,0.23827804538468278
2004,disputes,22,17.0,0.0735930735930736,0.3528106508875739
2004,diplomacy,22,,,
2005,alliance,22,49.0,0.21212121212121213,0.25031836734693874
2005,trade,22,229.0,0.9913419913419913,0.23467201019045592
2005,disputes,22,16.0,0.06926406926406926,0.43689986282578874
2005,diplomacy,22,220.0,0.9523809523809523,0.0
2006,alliance,22,49.0,0.21212121212121213,0.25031836734693874
2006,trade,22,228.0,0.987012987012987,0.23675889588725252
2006,disputes,22,11.0,0.047619047619047616,0.4478458049886621
2006,diplomacy,22,,,
2007,alliance,22,49.0,0.21212121212121213,0.25031836734693874
2007,trade,22,228.0,0.987012987012987,0.2349517485613251
2007,disputes,22,9.0,0.03896103896103896,0.4612188365650969
2007,diplomacy,22,,,
2008,alliance,21,48.0,0.22857142857142856,0.20801272186313732
2008,trade,21,207.0,0.9857142857142858,0.23241585738311488
2008,disputes,21,8.0,0.0380952380952381,0.490234375
2008,diplomacy,21,,,
2009,alliance,19,32.0,0.1871345029239766,0.3160579561042524
2009,trade,19,168.0,0.9824561403508771,0.17895987655695295
2009,disputes,19,10.0,0.05847953216374269,0.5096952908587258
2009,diplomacy,19,,,
2010,alliance,19,32.0,0.1871345029239766,0.3160579561042524
2010,trade,19,167.0,0.9766081871345029,0.17035021515398924
2010,disputes,19,13.0,0.07602339181286549,0.36980609418282545
2010,diplomacy,19,,,
2011,alliance,19,32.0,0.1871345029239766,0.3160579561042524
2011,trade,19,167.0,0.9766081871345029,0.1688564399976299
2011,disputes,19,17.0,0.09941520467836257,0.28385416666666663
2011,diplomacy,19,,,
2012,alliance,18,32.0,0.20915032679738563,0.29822530864197533
2012,trade,18,149.0,0.9738562091503268,0.16244359250139875
2012,disputes,18,21.0,0.13725490196078433,0.397119341563786
2012,diplomacy,18,,,
