ano,y1_proxy,y1_proxy_cens,y3_proxy,y3_proxy_cens,y5_proxy,y5_proxy_cens,y1_war,y1_war_cens,y3_war,y3_war_cens,y5_war,y5_war_cens
1890,0,0,1,0,1,0,0,0,0,0,1,0
1891,0,0,1,0,1,0,0,0,1,0,1,0
1892,1,0,1,0,1,0,0,0,1,0,1,0
1893,1,0,1,0,1,0,1,0,1,0,1,0
1894,0,0,1,0,1,0,0,0,1,0,1,0
1895,1,0,1,0,1,0,0,0,1,0,1,0
1896,0,0,1,0,1,0,1,0,1,0,1,0
1897,1,0,1,0,1,0,1,0,1,0,1,0
1898,0,0,1,0,1,0,0,0,1,0,1,0
1899,1,0,1,0,1,0,1,0,1,0,1,0
1900,0,0,1,0,1,0,0,0,0,0,1,0
1901,0,0,1,0,1,0,0,0,1,0,1,0
1902,1,0,1,0,1,0,0,0,1,0,1,0
1903,0,0,0,0,0,0,1,0,1,0,1,0
1904,0,0,0,0,1,0,0,0,0,0,1,0
1905,0,0,0,0,1,0,0,0,0,0,1,0
1906,0,0,1,0,1,0,0,0,1,0,1,0
1907,0,0,1,0,1,0,0,0,1,0,1,0
1908,1,0,1,0,1,0,1,0,1,0,1,0
1909,0,0,1,0,1,0,0,0,1,0,1,0
1910,1,0,1,0,1,0,1,0,1,0,1,0
1911,1,0,1,0,1,0,1,0,1,0,1,0
1912,1,0,1,0,1,0,1,0,1,0,1,0
1913,1,0,1,0,1,0,1,0,1,0,1,0
1914,1,0,1,0,1,0,0,0,0,0,1,0
1915,1,0,1,0,1,0,0,0,1,0,1,0
1916,0,0,1,0,1,0,0,0,1,0,1,0
1917,0,0,1,0,1,0,1,0,1,0,1,0
1918,1,0,1,0,1,0,1,0,1,0,1,0
1919,0,0,0,0,0,0,1,0,1,0,1,0
1920,0,0,0,0,0,0,0,0,0,0,0,0
1921,0,0,0,0,0,0,0,0,0,0,0,0
1922,0,0,0,0,0,0,0,0,0,0,0,0
1923,0,0,0,0,0,0,0,0,0,0,0,0
1924,0,0,0,0,1,0,0,0,0,0,1,0
1925,0,0,0,0,1,0,0,0,0,0,1,0
1926,0,0,1,0,1,0,0,0,1,0,1,0
1927,0,0,1,0,1,0,0,0,1,0,1,0
1928,1,0,1,0,1,0,1,0,1,0,1,0
1929,0,0,1,0,1,0,0,0,1,0,1,0
1930,1,0,1,0,1,0,1,0,1,0,1,0
1931,0,0,1,0,1,0,0,0,0,0,1,0
1932,1,0,1,0,1,0,0,0,1,0,1,0
1933,1,0,1,0,1,0,0,0,1,0,1,0
1934,0,0,1,0,1,0,1,0,1,0,1,0
1935,0,0,1,0,1,0,0,0,1,0,1,0
1936,1,0,1,0,1,0,1,0,1,0,1,0
1937,1,0,1,0,1,0,1,0,1,0,1,0
1938,1,0,1,0,1,0,1,0,1,0,1,0
1939,1,0,1,0,1,0,1,0,1,0,1,0
1940,1,0,1,0,1,0,0,0,0,0,0,0
1941,0,0,1,0,1,0,0,0,0,0,0,0
1942,1,0,1,0,1,0,0,0,0,0,1,0
1943,1,0,1,0,1,0,0,0,0,0,1,0
1944,1,0,1,0,1,0,0,0,1,0,1,0
1945,0,0,1,0,1,0,0,0,1,0,1,0
1946,1,0,1,0,1,0,1,0,1,0,1,0
1947,0,0,1,0,1,0,0,0,1,0,1,0
1948,0,0,1,0,1,0,0,0,1,0,1,0
1949,1,0,1,0,1,0,1,0,1,0,1,0
1950,0,0,0,0,1,0,0,0,0,0,1,0
1951,0,0,0,0,1,0,0,0,1,0,1,0
1952,0,0,1,0,1,0,0,0,1,0,1,0
1953,0,0,1,0,1,0,1,0,1,0,1,0
1954,1,0,1,0,1,0,0,0,1,0,1,0
1955,1,0,1,0,1,0,1,0,1,0,1,0
1956,0,0,0,0,1,0,1,0,1,0,1,0
1957,0,0,0,0,1,0,1,0,1,0,1,0
1958,0,0,1,0,1,0,0,0,0,0,1,0
1959,0,0,1,0,1,0,0,0,1,0,1,0
1960,1,0,1,0,1,0,0,0,1,0,1,0
1961,0,0,1,0,1,0,1,0,1,0,1,0
1962,0,0,1,0,1,0,0,0,1,0,1,0
1963,1,0,1,0,1,0,0,0,1,0,1,0
1964,0,0,1,0,1,0,1,0,1,0,1,0
1965,0,0,1,0,1,0,0,0,1,0,1,0
1966,1,0,1,0,1,0,0,0,1,0,1,0
1967,0,0,0,0,1,0,1,0,1,0,1,0
1968,0,0,1,0,1,0,0,0,1,0,1,0
1969,0,0,1,0,1,0,1,0,1,0,1,0
1970,1,0,1,0,1,0,1,0,1,0,1,0
1971,0,0,0,0,0,0,0,0,0,0,0,0
1972,0,0,0,0,0,0,0,0,0,0,0,0
1973,0,0,0,0,1,0,0,0,0,0,0,0
1974,0,0,0,0,1,0,0,0,0,0,1,0
1975,0,0,1,0,1,0,0,0,0,0,1,0
1976,0,0,1,0,1,0,0,0,1,0,1,0
1977,1,0,1,0,1,0,0,0,1,0,1,0
1978,0,0,0,0,1,0,1,0,1,0,1,0
1979,0,0,1,0,1,0,0,0,1,0,1,0
1980,0,0,1,0,1,0,0,0,1,0,1,0
1981,1,0,1,0,1,0,1,0,1,0,1,0
1982,0,0,0,0,1,0,0,0,0,0,1,0
1983,0,0,1,0,1,0,0,0,0,0,1,0
1984,0,0,1,0,1,0,0,0,1,0,1,0
1985,1,0,1,0,1,0,0,0,1,0,1,0
1986,0,0,0,0,1,0,1,0,1,0,1,0
1987,0,0,1,0,1,0,0,0,1,0,1,0
1988,0,0,1,0,1,0,0,0,1,0,1,0
1989,1,0,1,0,1,0,1,0,1,0,1,0
1990,0,0,1,0,1,0,0,0,0,0,0,0
1991,0,0,1,0,1,0,0,0,0,0,0,0
1992,1,0,1,0,1,0,0,0,0,0,0,0
1993,0,0,0,0,1,0,0,0,0,0,0,0
1994,0,0,1,0,1,0,0,0,0,0,1,0
1995,0,0,1,0,1,0,0,0,0,0,1,0
1996,1,0,1,0,1,0,0,0,1,0,1,0
1997,0,0,0,0,1,0,0,0,1,0,1,0
1998,0,0,1,0,1,0,1,0,1,0,1,0
1999,0,0,1,0,1,0,0,0,1,0,1,0
2000,1,0,1,0,1,0,1,0,1,0,1,0
2001,0,0,0,0,0,0,0,0,1,0,1,0
2002,0,0,0,0,0,0,1,0,1,0,1,0
2003,0,0,0,0,0,0,0,0,0,0,0,1
2004,0,0,0,0,0,0,0,0,0,0,0,1
2005,0,0,0,0,0,0,0,0,0,1,0,1
2006,0,0,0,0,0,0,0,0,0,1,0,1
2007,0,0,0,0,0,0,0,1,0,1,0,1
2008,0,0,0,0,0,1,0,1,0,1,0,1
2009,0,0,0,0,0,1,0,1,0,1,0,1
2010,0,0,0,1,0,1,0,1,0,1,0,1
2011,0,0,0,1,0,1,0,1,0,1,0,1
2012,0,1,0,1,0,1,0,1,0,1,0,1
