celula,feature_set,modelo,n_anos,tamanho_bloco,n_boot,n_descartadas_classe_unica,auc_ic95_lo,auc_ic95_hi,pr_auc_ic95_lo,pr_auc_ic95_hi
proxy_N1_ge2,completo,rf,75,3,2000,0,0.489,0.816,0.298,0.78
proxy_N1_ge2,completo,rf,75,5,2000,0,0.446,0.817,0.222,0.801
proxy_N1_ge2,completo,rf,75,10,2000,0,0.44,0.821,0.19,0.817
proxy_N1_ge2,completo,rf,75,15,2000,0,0.441,0.78,0.179,0.778
proxy_N1_ge2,completo,rf,75,20,2000,0,0.475,0.767,0.176,0.76
proxy_N1_ge2,sem_dipl,rf,81,3,2000,0,0.521,0.827,0.282,0.73
proxy_N1_ge2,sem_dipl,rf,81,5,2000,0,0.497,0.833,0.24,0.759
proxy_N1_ge2,sem_dipl,rf,81,10,2000,0,0.482,0.813,0.204,0.754
proxy_N1_ge2,sem_dipl,rf,81,15,2000,0,0.472,0.775,0.187,0.697
proxy_N1_ge2,sem_dipl,rf,81,20,2000,0,0.488,0.734,0.177,0.646
