celula,feature_set,modelo,periodo,ano_min,ano_max,n_anos,positivos,prevalencia,prob_media,auc_roc,pr_auc,auc_ic95_lo,auc_ic95_hi,pr_auc_ic95_lo,pr_auc_ic95_hi,tamanho_bloco,n_boot,n_descartadas_classe_unica
proxy_N1_ge2,completo,logreg,tudo,1931,2005,75,19,0.25333333333333335,0.3788048483865265,0.48872180451127817,0.37087490034226683,0.224,0.65,0.112,0.662,10.0,2000.0,0.0
proxy_N1_ge2,completo,logreg,ate_1945,1931,1945,15,8,0.5333333333333333,0.46552171690167726,0.7678571428571428,0.8395042457542458,,,,,,,
proxy_N1_ge2,completo,logreg,de_1946,1946,2005,60,11,0.18333333333333332,0.35712563125773883,0.30612244897959184,0.14952550515885785,0.12,0.438,0.083,0.266,10.0,2000.0,0.0
proxy_N1_ge2,completo,rf,tudo,1931,2005,75,19,0.25333333333333335,0.36254170742055186,0.6776315789473684,0.586035997127814,0.44,0.821,0.19,0.817,10.0,2000.0,0.0
proxy_N1_ge2,completo,rf,ate_1945,1931,1945,15,8,0.5333333333333333,0.46532530973567326,0.8928571428571428,0.9362980769230769,,,,,,,
proxy_N1_ge2,completo,rf,de_1946,1946,2005,60,11,0.18333333333333332,0.33684580684177146,0.5120593692022264,0.23060526982253893,0.394,0.664,0.146,0.353,10.0,2000.0,0.0
proxy_N1_ge2,completo,xgb,tudo,1931,2005,75,19,0.25333333333333335,0.20857823232809702,0.6635338345864662,0.4695082509466973,0.479,0.778,0.213,0.711,10.0,2000.0,0.0
proxy_N1_ge2,completo,xgb,ate_1945,1931,1945,15,8,0.5333333333333333,0.3369727703432242,0.6964285714285715,0.7819264069264069,,,,,,,
proxy_N1_ge2,completo,xgb,de_1946,1946,2005,60,11,0.18333333333333332,0.17647959782431524,0.5918367346938775,0.287035625858635,0.412,0.726,0.158,0.485,10.0,2000.0,0.0
proxy_N1_ge2,completo,prevalencia,tudo,1931,2005,75,19,0.25333333333333335,0.31272357421548413,0.5244360902255639,0.2954321108054624,0.33,0.611,0.16,0.441,10.0,2000.0,0.0
proxy_N1_ge2,completo,prevalencia,ate_1945,1931,1945,15,8,0.5333333333333333,0.3289631393507603,0.375,0.48965617715617715,,,,,,,
proxy_N1_ge2,completo,prevalencia,de_1946,1946,2005,60,11,0.18333333333333332,0.30866368293166513,0.4897959183673469,0.24711622679363202,0.235,0.582,0.112,0.292,10.0,2000.0,0.0
proxy_N1_ge2,completo,persistencia_purgada,tudo,1931,2005,75,19,0.25333333333333335,0.26666666666666666,0.4976503759398496,0.2524561403508772,0.358,0.6,0.139,0.403,10.0,2000.0,0.0
proxy_N1_ge2,completo,persistencia_purgada,ate_1945,1931,1945,15,8,0.5333333333333333,0.6,0.5267857142857143,0.5472222222222223,,,,,,,
proxy_N1_ge2,completo,persistencia_purgada,de_1946,1946,2005,60,11,0.18333333333333332,0.18333333333333332,0.3877551020408163,0.18333333333333332,0.34,0.442,0.117,0.233,10.0,2000.0,0.0
proxy_N1_ge2,sem_dipl,logreg,tudo,1931,2011,81,19,0.2345679012345679,0.3989317356910736,0.5042444821731749,0.320146061860401,0.273,0.615,0.116,0.544,10.0,2000.0,0.0
proxy_N1_ge2,sem_dipl,logreg,ate_1945,1931,1945,15,8,0.5333333333333333,0.4633240673868558,0.6785714285714286,0.7326704545454545,,,,,,,
proxy_N1_ge2,sem_dipl,logreg,de_1946,1946,2011,66,11,0.16666666666666666,0.3842971148511231,0.3834710743801653,0.16205837229996894,0.155,0.571,0.084,0.294,10.0,2000.0,0.0
proxy_N1_ge2,sem_dipl,rf,tudo,1931,2011,81,19,0.2345679012345679,0.3502784373307432,0.699490662139219,0.5138231690836417,0.482,0.813,0.204,0.754,10.0,2000.0,0.0
proxy_N1_ge2,sem_dipl,rf,ate_1945,1931,1945,15,8,0.5333333333333333,0.45703230950138846,0.8214285714285714,0.8720619658119658,,,,,,,
proxy_N1_ge2,sem_dipl,rf,de_1946,1946,2011,66,11,0.16666666666666666,0.3260161936555966,0.5801652892561984,0.28147179305355496,0.42,0.722,0.14,0.38,10.0,2000.0,0.0
proxy_N1_ge2,sem_dipl,xgb,tudo,1931,2011,81,19,0.2345679012345679,0.19602777984389966,0.6799660441426145,0.44999906353141084,0.492,0.786,0.21,0.668,10.0,2000.0,0.0
proxy_N1_ge2,sem_dipl,xgb,ate_1945,1931,1945,15,8,0.5333333333333333,0.3490197827418645,0.6964285714285715,0.7819264069264069,,,,,,,
proxy_N1_ge2,sem_dipl,xgb,de_1946,1946,2011,66,11,0.16666666666666666,0.16125687009436218,0.6082644628099173,0.2767050620088546,0.421,0.745,0.144,0.415,10.0,2000.0,0.0
proxy_N1_ge2,sem_dipl,prevalencia,tudo,1931,2011,81,19,0.2345679012345679,0.3091059423116174,0.5704584040747029,0.2954321108054624,0.365,0.666,0.163,0.444,10.0,2000.0,0.0
proxy_N1_ge2,sem_dipl,prevalencia,ate_1945,1931,1945,15,8,0.5333333333333333,0.3289631393507603,0.375,0.48965617715617715,,,,,,,
proxy_N1_ge2,sem_dipl,prevalencia,de_1946,1946,2011,66,11,0.16666666666666666,0.3045929429845395,0.5454545454545454,0.24711622679363202,0.266,0.638,0.117,0.288,10.0,2000.0,0.0
proxy_N1_ge2,sem_dipl,persistencia_purgada,tudo,1931,2011,81,19,0.2345679012345679,0.24691358024691357,0.5106112054329371,0.23862897985705006,0.367,0.606,0.129,0.388,10.0,2000.0,0.0
proxy_N1_ge2,sem_dipl,persistencia_purgada,ate_1945,1931,1945,15,8,0.5333333333333333,0.6,0.5267857142857143,0.5472222222222223,,,,,,,
proxy_N1_ge2,sem_dipl,persistencia_purgada,de_1946,1946,2011,66,11,0.16666666666666666,0.16666666666666666,0.4,0.16666666666666666,0.349,0.439,0.091,0.227,10.0,2000.0,0.0
