celula,feature_set,modelo,periodo,n_anos,positivos,auc_roc,pr_auc
proxy_N1_ge2,completo,rf,tudo,75,19,0.6776315789473684,0.586035997127814
proxy_N1_ge2,completo,rf,ate_1945,15,8,0.8928571428571428,0.9362980769230769
proxy_N1_ge2,completo,rf,de_1946,60,11,0.5120593692022264,0.23060526982253893
proxy_N1_ge2,completo,xgb,tudo,75,19,0.6635338345864662,0.4695082509466973
proxy_N1_ge2,completo,xgb,ate_1945,15,8,0.6964285714285715,0.7819264069264069
proxy_N1_ge2,completo,xgb,de_1946,60,11,0.5918367346938775,0.287035625858635
proxy_N1_ge2,completo_sem_disputas,rf,tudo,75,19,0.6221804511278195,0.46327806627486084
proxy_N1_ge2,completo_sem_disputas,rf,ate_1945,15,8,0.7678571428571428,0.7976190476190477
proxy_N1_ge2,completo_sem_disputas,rf,de_1946,60,11,0.44341372912801486,0.2229635166214885
proxy_N1_ge2,completo_sem_disputas,xgb,tudo,75,19,0.6343984962406015,0.396966959214365
proxy_N1_ge2,completo_sem_disputas,xgb,ate_1945,15,8,0.8392857142857143,0.9081845238095239
proxy_N1_ge2,completo_sem_disputas,xgb,de_1946,60,11,0.5250463821892394,0.23224786577059303
proxy_N1_ge2,nivel_delta,rf,tudo,75,19,0.6522556390977444,0.44233663752131924
proxy_N1_ge2,nivel_delta,rf,ate_1945,15,8,0.5892857142857143,0.6531406093906094
proxy_N1_ge2,nivel_delta,rf,de_1946,60,11,0.5157699443413729,0.23667180631466345
proxy_N1_ge2,nivel_delta,xgb,tudo,75,19,0.6578947368421052,0.46082926979613614
proxy_N1_ge2,nivel_delta,xgb,ate_1945,15,8,0.7142857142857143,0.815625
proxy_N1_ge2,nivel_delta,xgb,de_1946,60,11,0.5788497217068646,0.2998022516482393
proxy_N1_ge2,sem_dipl,rf,tudo,81,19,0.699490662139219,0.5138231690836417
proxy_N1_ge2,sem_dipl,rf,ate_1945,15,8,0.8214285714285714,0.8720619658119658
proxy_N1_ge2,sem_dipl,rf,de_1946,66,11,0.5801652892561984,0.28147179305355496
proxy_N1_ge2,sem_dipl,xgb,tudo,81,19,0.6799660441426145,0.44999906353141084
proxy_N1_ge2,sem_dipl,xgb,ate_1945,15,8,0.6964285714285715,0.7819264069264069
proxy_N1_ge2,sem_dipl,xgb,de_1946,66,11,0.6082644628099173,0.2767050620088546
proxy_N1_ge2,sem_dipl_sem_disputas,rf,tudo,81,19,0.6536502546689303,0.3738357532735246
proxy_N1_ge2,sem_dipl_sem_disputas,rf,ate_1945,15,8,0.7857142857142857,0.8073412698412699
proxy_N1_ge2,sem_dipl_sem_disputas,rf,de_1946,66,11,0.5123966942148761,0.20339294806302707
proxy_N1_ge2,sem_dipl_sem_disputas,xgb,tudo,81,19,0.6307300509337861,0.3662349211702859
proxy_N1_ge2,sem_dipl_sem_disputas,xgb,ate_1945,15,8,0.8928571428571429,0.9248511904761905
proxy_N1_ge2,sem_dipl_sem_disputas,xgb,de_1946,66,11,0.48925619834710743,0.18873409808481173
